CaptureDate,FlightDate,Airport,AirportName,Direction,ICAO24,Callsign,OriginAirport,DestinationAirport,FirstSeen,LastSeen,DepartureAirportDistance,ArrivalAirportDistance,Source
2026-09-17,2026-09-16,YMAV,Avalon,Arrival,7c6c96,JST613,YSSY,YMAV,1789558350,1789562366,282,1591,OpenSky
2026-09-17,2026-09-16,YMAV,Avalon,Arrival,7c6a58,AM320,YHML,YMAV,1789546636,1789548659,1286,1468,OpenSky
2026-09-17,2026-09-16,YMAV,Avalon,Arrival,7c6b41,JST620,YPAD,YMAV,1789543208,1789546942,713,1328,OpenSky
2026-09-17,2026-09-16,YMAV,Avalon,Arrival,7c6b18,JST609,YSSY,YMAV,1789533810,1789537965,305,1453,OpenSky
2026-09-17,2026-09-16,YMAV,Avalon,Arrival,7c764d,JST631,YBCG,YMAV,1789528182,1789535592,4645,1604,OpenSky
2026-09-17,2026-09-16,YMAV,Avalon,Arrival,7c47a8,JST633,YBBN,YMAV,1789525000,1789532309,1073,1663,OpenSky
2026-09-17,2026-09-16,YMAV,Avalon,Arrival,7c6c96,JST607,YSSY,YMAV,1789526404,1789530681,164,1228,OpenSky
2026-09-17,2026-09-16,YMAV,Avalon,Arrival,7c6c96,JST603,YSSY,YMAV,1789510308,1789514511,612,2087,OpenSky
2026-09-17,2026-09-16,YMAV,Avalon,Departure,7c6a58,AM320,YMAV,YMEN,1789550228,1789550920,148,603,OpenSky
2026-09-17,2026-09-16,YMAV,Avalon,Departure,7c6b41,JST621,YMAV,YPAD,1789549761,1789553297,330,980,OpenSky
2026-09-17,2026-09-16,YMAV,Avalon,Departure,7c47a8,JST049,YMAV,,1789546265,1789551419,611,,OpenSky
2026-09-17,2026-09-16,YMAV,Avalon,Departure,7c6b18,JST610,YMAV,YSSY,1789541113,1789545406,182,1546,OpenSky
2026-09-17,2026-09-16,YMAV,Avalon,Departure,7c764d,JST630,YMAV,YBCG,1789539330,1789545356,559,8518,OpenSky
2026-09-17,2026-09-16,YMAV,Avalon,Departure,7c6c96,JST608,YMAV,YSSY,1789534914,1789538896,588,1526,OpenSky
2026-09-17,2026-09-16,YMAV,Avalon,Departure,7c6c96,JST606,YMAV,YSSY,1789518093,1789522360,1044,1304,OpenSky
2026-09-17,2026-09-16,YMAV,Avalon,Departure,7c6c96,JST602,YMAV,YSSY,1789502105,1789506146,867,1303,OpenSky
2026-09-17,2026-09-16,YMML,Melbourne,Arrival,7cad45,VOZ091,YMML,YMML,1789520901,1789567072,1716,583,OpenSky
2026-09-17,2026-09-16,YMML,Melbourne,Arrival,7c7aa3,VOZ358,YBBN,YMML,1789559601,1789566873,1703,1561,OpenSky
2026-09-17,2026-09-16,YMML,Melbourne,Arrival,7c6deb,QFA772,YPPH,YMML,1789552435,1789566019,948,1108,OpenSky
2026-09-17,2026-09-16,YMML,Melbourne,Arrival,7c7a4a,VOZ702,YPPH,YMML,1789553707,1789565849,362,1727,OpenSky
2026-09-17,2026-09-16,YMML,Melbourne,Arrival,7c01f6,AN8,YSBK,YMML,1789555476,1789565217,485,377,OpenSky
2026-09-17,2026-09-16,YMML,Melbourne,Arrival,7c6d7b,JST917,,YMML,1789563073,1789564932,,1748,OpenSky
2026-09-17,2026-09-16,YMML,Melbourne,Arrival,7c6d78,JST449,YBCG,YMML,1789557854,1789564698,5263,1849,OpenSky
2026-09-17,2026-09-16,YMML,Melbourne,Arrival,7c6d9f,QFA499,YSSY,YMML,1789560305,1789564238,100,1844,OpenSky
2026-09-17,2026-09-16,YMML,Melbourne,Arrival,7c6b13,JST947,,YMML,1789561957,1789563997,,1378,OpenSky
2026-09-17,2026-09-16,YMML,Melbourne,Arrival,7c78b3,QLK1259,YBBN,YMML,1789556415,1789563794,1052,1533,OpenSky
2026-09-17,2026-09-16,YMML,Melbourne,Arrival,7c6b09,JST738,YMLT,YMML,1789560648,1789563237,1983,1754,OpenSky
2026-09-17,2026-09-16,YMML,Melbourne,Arrival,06a1bb,VOZ008,OTHH,YMML,1789515815,1789562984,2658,1059,OpenSky
2026-09-17,2026-09-16,YMML,Melbourne,Arrival,7c4a42,JST044,,YMML,1789550120,1789562286,,1157,OpenSky
2026-09-17,2026-09-16,YMML,Melbourne,Arrival,7c6b2b,JST216,NZAA,YMML,1789548700,1789561792,514,1768,OpenSky
2026-09-17,2026-09-16,YMML,Melbourne,Arrival,7c7ab0,VOZ700,YPPH,YMML,1789548955,1789561606,1450,1507,OpenSky
2026-09-17,2026-09-16,YMML,Melbourne,Arrival,7c6dd8,QFA770,YPPH,YMML,1789549292,1789561376,1229,1604,OpenSky
2026-09-17,2026-09-16,YMML,Melbourne,Arrival,7cad4e,VOZ892,YSSY,YMML,1789557301,1789561163,196,970,OpenSky
2026-09-17,2026-09-16,YMML,Melbourne,Arrival,7c6d75,JST533,YSSY,YMML,1789556886,1789560830,302,1905,OpenSky
2026-09-17,2026-09-16,YMML,Melbourne,Arrival,7c66cf,QFA7365,YMLT,YMML,1789557430,1789560496,1122,1270,OpenSky
2026-09-17,2026-09-16,YMML,Melbourne,Arrival,7c431c,JTE7486,YPAD,YMML,1789555616,1789560287,543,1888,OpenSky
2026-09-17,2026-09-16,YMML,Melbourne,Arrival,7c561d,PHA73,NZAA,YMML,1789547011,1789560072,1937,1291,OpenSky
2026-09-17,2026-09-16,YMML,Melbourne,Arrival,7c6c9b,JST447,YBCG,YMML,1789552870,1789559909,4768,2031,OpenSky
2026-09-17,2026-09-16,YMML,Melbourne,Arrival,7c7aac,VOZ244,YPAD,YMML,1789555545,1789559770,806,1559,OpenSky
2026-09-17,2026-09-16,YMML,Melbourne,Arrival,780a5c,CPA163,VHHH,YMML,1789530522,1789559591,1411,1049,OpenSky
2026-09-17,2026-09-16,YMML,Melbourne,Arrival,8964e2,UAE62P,OMDB,YMML,1789514421,1789559316,3014,466,OpenSky
2026-09-17,2026-09-16,YMML,Melbourne,Arrival,7c4a45,JST973,YPPH,YMML,1789546284,1789558825,361,1309,OpenSky
2026-09-17,2026-09-16,YMML,Melbourne,Arrival,7c788f,JST573,YBBN,YMML,1789550961,1789558374,1245,1689,OpenSky
2026-09-17,2026-09-16,YMML,Melbourne,Arrival,7c6d2b,VOZ1335,,YMML,1789554632,1789557856,,1577,OpenSky
2026-09-17,2026-09-16,YMML,Melbourne,Arrival,7c78b2,QLK1515,YSSY,YMML,1789553280,1789557533,789,1313,OpenSky
2026-09-17,2026-09-16,YMML,Melbourne,Arrival,7c6db7,QFA696,YPAD,YMML,1789553538,1789557178,981,1503,OpenSky
2026-09-17,2026-09-16,YMML,Melbourne,Arrival,c82b16,ANZ129,NZAA,YMML,1789544170,1789556854,2077,1197,OpenSky
2026-09-17,2026-09-16,YMML,Melbourne,Arrival,7c7bce,VOZ352,YBBN,YMML,1789549465,1789556629,1415,1577,OpenSky
2026-09-17,2026-09-16,YMML,Melbourne,Arrival,7c5c68,QFA7410,YPAD,YMML,1789551740,1789556329,512,1752,OpenSky
2026-09-17,2026-09-16,YMML,Melbourne,Arrival,7c6dd5,QFA483,YSSY,YMML,1789551502,1789555543,138,1599,OpenSky
2026-09-17,2026-09-16,YMML,Melbourne,Arrival,7c7a49,VOZ882,YSSY,YMML,1789550910,1789554980,445,1607,OpenSky
2026-09-17,2026-09-16,YMML,Melbourne,Arrival,7c7a36,VOZ238,YPAD,YMML,1789551033,1789554877,894,1496,OpenSky
2026-09-17,2026-09-16,YMML,Melbourne,Arrival,7c6db3,QFA485,YSSY,YMML,1789550671,1789554772,653,1603,OpenSky
2026-09-17,2026-09-16,YMML,Melbourne,Arrival,7c7ab8,VOZ1462,,YMML,1789541180,1789554656,,1682,OpenSky
2026-09-17,2026-09-16,YMML,Melbourne,Arrival,7c47b8,QFA481,YSSY,YMML,1789550250,1789554555,1194,1348,OpenSky
2026-09-17,2026-09-16,YMML,Melbourne,Arrival,7c6d8f,QFA768,YPPH,YMML,1789541316,1789554428,928,1533,OpenSky
2026-09-17,2026-09-16,YMML,Melbourne,Arrival,76cd19,SIA217,WSSS,YMML,1789529953,1789554256,1167,1212,OpenSky
2026-09-17,2026-09-16,YMML,Melbourne,Arrival,7c2bc5,VOZ748,YBCG,YMML,1789546480,1789554044,5059,1863,OpenSky
2026-09-17,2026-09-16,YMML,Melbourne,Arrival,7c2bb0,VOZ878,YSSY,YMML,1789549452,1789553871,391,1849,OpenSky
2026-09-17,2026-09-16,YMML,Melbourne,Arrival,76bd41,TGW38,WSSS,YMML,1789529729,1789553720,2226,1205,OpenSky
2026-09-17,2026-09-16,YMML,Melbourne,Arrival,7c585f,VOZ346,YBBN,YMML,1789545925,1789553600,1617,1622,OpenSky
2026-09-17,2026-09-16,YMML,Melbourne,Arrival,7c6b38,JST779,YPAD,YMML,1789549506,1789553477,916,1808,OpenSky
2026-09-17,2026-09-16,YMML,Melbourne,Arrival,7c6db0,QFA694,YPAD,YMML,1789549405,1789553327,799,1657,OpenSky
2026-09-17,2026-09-16,YMML,Melbourne,Arrival,7c6d7c,JST531,YSSY,YMML,1789548901,1789553209,412,1507,OpenSky
2026-09-17,2026-09-16,YMML,Melbourne,Arrival,7c7a4b,VOZ696,YPPH,YMML,1789540188,1789553090,746,1106,OpenSky
2026-09-17,2026-09-16,YMML,Melbourne,Arrival,7c78af,QLK1531,YSCB,YMML,1789549635,1789552970,809,1247,OpenSky
2026-09-17,2026-09-16,YMML,Melbourne,Arrival,7c7800,QFA479,YSSY,YMML,1789548210,1789552823,105,1728,OpenSky
2026-09-17,2026-09-16,YMML,Melbourne,Arrival,7c6d9c,QFA473,YSSY,YMML,1789547780,1789552715,273,1552,OpenSky
2026-09-17,2026-09-16,YMML,Melbourne,Arrival,7c77f5,QFA477,YSSY,YMML,1789547582,1789552613,107,1626,OpenSky
2026-09-17,2026-09-16,YMML,Melbourne,Arrival,7cad42,VOZ284,YSCB,YMML,1789548910,1789552497,1308,1318,OpenSky
2026-09-17,2026-09-16,YMML,Melbourne,Arrival,4bb0f2,THY168,WSSS,YMML,1789527301,1789552379,1121,1171,OpenSky
2026-09-17,2026-09-16,YMML,Melbourne,Arrival,7c6d8d,QFA475,YSSY,YMML,1789547426,1789552157,230,1757,OpenSky
2026-09-17,2026-09-16,YMML,Melbourne,Arrival,7c6d92,QFA633,YBBN,YMML,1789544272,1789552025,1635,1687,OpenSky
2026-09-17,2026-09-16,YMML,Melbourne,Arrival,885105,THA461,VTBS,YMML,1789522226,1789551899,3460,1249,OpenSky
2026-09-17,2026-09-16,YMML,Melbourne,Arrival,7c6b07,JST475,YWLM,YMML,1789546572,1789551708,2158,1871,OpenSky
2026-09-17,2026-09-16,YMML,Melbourne,Arrival,7c6b3b,JST708,,YMML,1789548139,1789551563,,2253,OpenSky
2026-09-17,2026-09-16,YMML,Melbourne,Arrival,7c7aa0,VOZ236,YPAD,YMML,1789547297,1789551419,946,1721,OpenSky
2026-09-17,2026-09-16,YMML,Melbourne,Arrival,7c78b5,QLK1529,YSCB,YMML,1789548000,1789551305,700,1387,OpenSky
2026-09-17,2026-09-16,YMML,Melbourne,Arrival,7c6d39,VOZ746,YBCG,YMML,1789543830,1789551166,4056,1673,OpenSky
2026-09-17,2026-09-16,YMML,Melbourne,Arrival,7c56b7,VOZ874,YSSY,YMML,1789546577,1789551035,157,1538,OpenSky
2026-09-17,2026-09-16,YMML,Melbourne,Arrival,7c78ae,QLK1296,,YMML,1789547502,1789550901,,1338,OpenSky
2026-09-17,2026-09-16,YMML,Melbourne,Arrival,7c47a6,JST031,YMML,YMML,1789506768,1789550776,1338,1301,OpenSky
2026-09-17,2026-09-16,YMML,Melbourne,Arrival,7c78a8,QLK1527,YSCB,YMML,1789547421,1789550644,766,1220,OpenSky
2026-09-17,2026-09-16,YMML,Melbourne,Arrival,7c6b09,JST706,,YMML,1789547214,1789550495,,1880,OpenSky
2026-09-17,2026-09-16,YMML,Melbourne,Arrival,7c6d2f,VOZ870,YSSY,YMML,1789546221,1789550377,761,1574,OpenSky
2026-09-17,2026-09-16,YMML,Melbourne,Arrival,7c2ba8,VOZ342,YBBN,YMML,1789542727,1789550267,1250,1752,OpenSky
2026-09-17,2026-09-16,YMML,Melbourne,Arrival,7c045c,JST445,YBCG,YMML,1789543038,1789550152,3718,1498,OpenSky
2026-09-17,2026-09-16,YMML,Melbourne,Arrival,750579,MAS129,,YMML,1789523721,1789550002,,1011,OpenSky
2026-09-17,2026-09-16,YMML,Melbourne,Arrival,7c47bb,QFA471,YSSY,YMML,1789545971,1789549881,1497,1275,OpenSky
2026-09-17,2026-09-16,YMML,Melbourne,Arrival,7c7aa6,VOZ146,,YMML,1789539127,1789549259,,1635,OpenSky
2026-09-17,2026-09-16,YMML,Melbourne,Arrival,8015a6,AIC308,VIDP,YMML,1789507934,1789548859,2829,1212,OpenSky
2026-09-17,2026-09-16,YMML,Melbourne,Arrival,7c78aa,QLK1575,YBCG,YMML,1789541291,1789548659,4129,1142,OpenSky
2026-09-17,2026-09-16,YMML,Melbourne,Arrival,7c6d9a,QFA631,YBBN,YMML,1789540676,1789548091,1730,2101,OpenSky
2026-09-17,2026-09-16,YMML,Melbourne,Arrival,7c6ae1,LR9532,YBBN,YMML,1789531324,1789548005,1209,1245,OpenSky
2026-09-17,2026-09-16,YMML,Melbourne,Arrival,7c80b9,RXA3578,,YMML,1789544821,1789547768,,1037,OpenSky
2026-09-17,2026-09-16,YMML,Melbourne,Arrival,7c801e,RXA3685,,YMML,1789545556,1789547628,,1554,OpenSky
2026-09-17,2026-09-16,YMML,Melbourne,Arrival,7c47a3,JST523,YSSY,YMML,1789543200,1789547531,933,1406,OpenSky
2026-09-17,2026-09-16,YMML,Melbourne,Arrival,7c6d98,QFA690,YPAD,YMML,1789543398,1789547383,917,1743,OpenSky
2026-09-17,2026-09-16,YMML,Melbourne,Arrival,7c530f,QLK58D,,YMML,1789544553,1789547285,,1277,OpenSky
2026-09-17,2026-09-16,YMML,Melbourne,Arrival,7c6c96,JST525,YSSY,YMML,1789542633,1789547155,275,1799,OpenSky
2026-09-17,2026-09-16,YMML,Melbourne,Arrival,7c6c52,VOZ866,YSSY,YMML,1789542409,1789546941,264,1458,OpenSky
2026-09-17,2026-09-16,YMML,Melbourne,Arrival,7c52fd,QLK83D,,YMML,1789544550,1789546865,,1712,OpenSky
2026-09-17,2026-09-16,YMML,Melbourne,Arrival,7c6c99,JST797,YBMC,YMML,1789538367,1789546745,609,1697,OpenSky
2026-09-17,2026-09-16,YMML,Melbourne,Arrival,7c39f3,QLK88D,,YMML,1789543779,1789546559,,1463,OpenSky
2026-09-17,2026-09-16,YMML,Melbourne,Arrival,7c6db6,QFA467,YSSY,YMML,1789541944,1789546437,207,1595,OpenSky
2026-09-17,2026-09-16,YMML,Melbourne,Arrival,7c6d2a,VOZ336,YBBN,YMML,1789538748,1789546312,1653,1645,OpenSky
2026-09-17,2026-09-16,YMML,Melbourne,Arrival,7c6de5,QFA766,YPPH,YMML,1789533456,1789546174,320,1647,OpenSky
2026-09-17,2026-09-16,YMML,Melbourne,Arrival,7c77f6,QFA1051,,YMML,1789539218,1789546072,,1628,OpenSky
2026-09-17,2026-09-16,YMML,Melbourne,Arrival,7c788d,JST465,YBNA,YMML,1789538742,1789545944,11338,1921,OpenSky
2026-09-17,2026-09-16,YMML,Melbourne,Arrival,7c7ab6,VOZ692,YPPH,YMML,1789533307,1789545746,1357,1711,OpenSky
2026-09-17,2026-09-16,YMML,Melbourne,Arrival,7c68b6,QLK1998,YWLM,YMML,1789540442,1789545678,1754,692,OpenSky
2026-09-17,2026-09-16,YMML,Melbourne,Arrival,7cb05c,QLK96D,YMLT,YMML,1789542037,1789545532,3044,1277,OpenSky
2026-09-17,2026-09-16,YMML,Melbourne,Arrival,7c7bc7,VOZ862,YSSY,YMML,1789541010,1789545401,292,1493,OpenSky
2026-09-17,2026-09-16,YMML,Melbourne,Arrival,7c6b17,JST952,YSSY,YMML,1789520150,1789545245,161,1895,OpenSky
2026-09-17,2026-09-16,YMML,Melbourne,Arrival,7c6de6,QFA629,YBBN,YMML,1789537664,1789545103,1724,1654,OpenSky
2026-09-17,2026-09-16,YMML,Melbourne,Arrival,7c5950,RXA3281,,YMML,1789541763,1789544916,,1221,OpenSky
2026-09-17,2026-09-16,YMML,Melbourne,Arrival,7c6d8e,QFA465,YSSY,YMML,1789540702,1789544768,231,1633,OpenSky
2026-09-17,2026-09-16,YMML,Melbourne,Arrival,76ccd0,SIA7297,NZAA,YMML,1789532404,1789544573,1647,1317,OpenSky
2026-09-17,2026-09-16,YMML,Melbourne,Arrival,06a2c7,QTR19E,OTHH,YMML,1789496258,1789544403,11936,948,OpenSky
2026-09-17,2026-09-16,YMML,Melbourne,Arrival,7c6d78,JST521,YSSY,YMML,1789540188,1789544217,216,1743,OpenSky
2026-09-17,2026-09-16,YMML,Melbourne,Arrival,7c7ab3,VOZ1373,YMLT,YMML,1789541293,1789544005,3032,1649,OpenSky
2026-09-17,2026-09-16,YMML,Melbourne,Arrival,7c6dba,QFA455,YSSY,YMML,1789539857,1789543877,98,1467,OpenSky
2026-09-17,2026-09-16,YMML,Melbourne,Arrival,7c6d91,QFA461,YSSY,YMML,1789539528,1789543723,249,1640,OpenSky
2026-09-17,2026-09-16,YMML,Melbourne,Arrival,c827e9,ANZ125,NZAA,YMML,1789530843,1789543611,1557,1270,OpenSky
2026-09-17,2026-09-16,YMML,Melbourne,Arrival,7c788b,JST795,YBMC,YMML,1789535227,1789543376,810,1906,OpenSky
2026-09-17,2026-09-16,YMML,Melbourne,Arrival,7c7bc6,VOZ742,YBCG,YMML,1789535987,1789543252,5431,1640,OpenSky
2026-09-17,2026-09-16,YMML,Melbourne,Arrival,7c7a45,VOZ858,YSSY,YMML,1789538987,1789543128,137,1656,OpenSky
2026-09-17,2026-09-16,YMML,Melbourne,Arrival,c827a3,ANZ265,,YMML,1789532852,1789542832,,1517,OpenSky
2026-09-17,2026-09-16,YMML,Melbourne,Arrival,7c77fb,QFA156,NZAA,YMML,1789530112,1789542687,2088,1867,OpenSky
2026-09-17,2026-09-16,YMML,Melbourne,Arrival,7c6d31,VOZ1040,YBMC,YMML,1789534509,1789542438,141,1722,OpenSky
2026-09-17,2026-09-16,YMML,Melbourne,Arrival,7c7a3d,VOZ1294,,YMML,1789540007,1789542306,,1640,OpenSky
2026-09-17,2026-09-16,YMML,Melbourne,Arrival,7c77fe,QFA170,NZCH,YMML,1789530423,1789542179,2000,1673,OpenSky
2026-09-17,2026-09-16,YMML,Melbourne,Arrival,76cda8,SIA207,WSSS,YMML,1789517513,1789542051,1084,1172,OpenSky
2026-09-17,2026-09-16,YMML,Melbourne,Arrival,7c6db7,QFA459,YSSY,YMML,1789537722,1789541749,96,1757,OpenSky
2026-09-17,2026-09-16,YMML,Melbourne,Arrival,7c6dbb,QFA627,YBBN,YMML,1789533491,1789541029,1639,1623,OpenSky
2026-09-17,2026-09-16,YMML,Melbourne,Arrival,7c6d75,JST451,YBCG,YMML,1789533667,1789540887,5351,1906,OpenSky
2026-09-17,2026-09-16,YMML,Melbourne,Arrival,7c7a3f,VOZ274,YSCB,YMML,1789537560,1789540730,1424,1572,OpenSky
2026-09-17,2026-09-16,YMML,Melbourne,Arrival,7c045e,JST901,YBLN,YMML,1789528479,1789540536,536,1447,OpenSky
2026-09-17,2026-09-16,YMML,Melbourne,Arrival,7c6c92,JST136,NZCH,YMML,1789498593,1789540306,1343,1590,OpenSky
2026-09-17,2026-09-16,YMML,Melbourne,Arrival,7c6d2b,VOZ850,YSSY,YMML,1789535661,1789540105,968,1638,OpenSky
2026-09-17,2026-09-16,YMML,Melbourne,Arrival,7c7a38,VOZ740,YBCG,YMML,1789532702,1789539941,5450,1564,OpenSky
2026-09-17,2026-09-16,YMML,Melbourne,Arrival,7c6da0,QFA453,YSSY,YMML,1789535554,1789539806,148,1748,OpenSky
2026-09-17,2026-09-16,YMML,Melbourne,Arrival,7c7801,QFA451,YSSY,YMML,1789535390,1789539663,99,1570,OpenSky
2026-09-17,2026-09-16,YMML,Melbourne,Arrival,7c6de4,QFA764,YPPH,YMML,1789527062,1789539383,1135,1680,OpenSky
2026-09-17,2026-09-16,YMML,Melbourne,Arrival,7c7884,JST704,,YMML,1789535941,1789539282,,1911,OpenSky
2026-09-17,2026-09-16,YMML,Melbourne,Arrival,7c7ab2,VOZ332,YBBN,YMML,1789531418,1789539118,1745,1612,OpenSky
2026-09-17,2026-09-16,YMML,Melbourne,Arrival,7c6d32,VOZ224,YPAD,YMML,1789534868,1789538921,990,1622,OpenSky
2026-09-17,2026-09-16,YMML,Melbourne,Arrival,8966c3,ETD91N,OMAA,YMML,1789492094,1789538718,10980,872,OpenSky
2026-09-17,2026-09-16,YMML,Melbourne,Arrival,7cad42,VOZ688,YPPH,YMML,1789526226,1789538514,361,1387,OpenSky
2026-09-17,2026-09-16,YMML,Melbourne,Arrival,7c77fc,QFA172,NZWN,YMML,1789525722,1789538381,707,1757,OpenSky
2026-09-17,2026-09-16,YMML,Melbourne,Arrival,7c6d7b,JST519,YSSY,YMML,1789534133,1789538219,141,1858,OpenSky
2026-09-17,2026-09-16,YMML,Melbourne,Arrival,7c6d8c,QFA686,YPAD,YMML,1789534599,1789538033,1220,1752,OpenSky
2026-09-17,2026-09-16,YMML,Melbourne,Arrival,7c6dda,QFA625,YBBN,YMML,1789530023,1789537343,1606,1687,OpenSky
2026-09-17,2026-09-16,YMML,Melbourne,Arrival,7c6db0,QFA703,,YMML,1789535140,1789537043,,1680,OpenSky
2026-09-17,2026-09-16,YMML,Melbourne,Arrival,7c78af,QLK1294,,YMML,1789533576,1789536830,,1220,OpenSky
2026-09-17,2026-09-16,YMML,Melbourne,Arrival,7c6c9b,JST775,YPAD,YMML,1789532865,1789536644,747,1905,OpenSky
2026-09-17,2026-09-16,YMML,Melbourne,Arrival,7c6d24,VOZ738,YBCG,YMML,1789529063,1789536489,5645,1717,OpenSky
2026-09-17,2026-09-16,YMML,Melbourne,Arrival,7c6dde,QFA154,NZAA,YMML,1789523255,1789536338,1930,1659,OpenSky
2026-09-17,2026-09-16,YMML,Melbourne,Arrival,7c47a9,JST975,YPPH,YMML,1789523202,1789536206,419,1074,OpenSky
2026-09-17,2026-09-16,YMML,Melbourne,Arrival,7c7c9b,VOZ328,YBBN,YMML,1789528111,1789536056,1046,1181,OpenSky
2026-09-17,2026-09-16,YMML,Melbourne,Arrival,7cad46,VOZ846,YSSY,YMML,1789531522,1789535914,1202,1049,OpenSky
2026-09-17,2026-09-16,YMML,Melbourne,Arrival,7c6db3,QFA919,YBMC,YMML,1789527789,1789535751,280,1631,OpenSky
2026-09-17,2026-09-16,YMML,Melbourne,Arrival,7c6d30,VOZ1036,YBMC,YMML,1789527540,1789535589,280,1503,OpenSky
2026-09-17,2026-09-16,YMML,Melbourne,Arrival,7c78b5,QLK1597,YLIN,YMML,1789525464,1789535463,7427,1380,OpenSky
2026-09-17,2026-09-16,YMML,Melbourne,Arrival,7c6b38,JST665,,YMML,1789528951,1789535266,,1711,OpenSky
2026-09-17,2026-09-16,YMML,Melbourne,Arrival,7c78ae,QLK1299,,YMML,1789528910,1789535099,,1418,OpenSky
2026-09-17,2026-09-16,YMML,Melbourne,Arrival,7c80b9,RXA3469,,YMML,1789532284,1789534761,,926,OpenSky
2026-09-17,2026-09-16,YMML,Melbourne,Arrival,77058f,ALK604,,YMML,1789529332,1789534581,,1017,OpenSky
2026-09-17,2026-09-16,YMML,Melbourne,Arrival,7c47b8,QFA447,YSSY,YMML,1789530368,1789534446,1485,1122,OpenSky
2026-09-17,2026-09-16,YMML,Melbourne,Arrival,7c530f,QLK473D,YSCB,YMML,1789530591,1789534031,795,1323,OpenSky
2026-09-17,2026-09-16,YMML,Melbourne,Arrival,7c6b3b,JST535,YSSY,YMML,1789529628,1789533853,578,1911,OpenSky
2026-09-17,2026-09-16,YMML,Melbourne,Arrival,7c52fd,QLK56D,,YMML,1789531331,1789533656,,1666,OpenSky
2026-09-17,2026-09-16,YMML,Melbourne,Arrival,7c6b07,JST655,YSCB,YMML,1789530153,1789533411,784,1799,OpenSky
2026-09-17,2026-09-16,YMML,Melbourne,Arrival,7c801e,RXA3874,,YMML,1789530912,1789533287,,1172,OpenSky
2026-09-17,2026-09-16,YMML,Melbourne,Arrival,7c6d98,QFA682,YPAD,YMML,1789529454,1789533153,1029,1758,OpenSky
2026-09-17,2026-09-16,YMML,Melbourne,Arrival,7c77f9,QFA623,YBBN,YMML,1789525674,1789532886,1588,1512,OpenSky
2026-09-17,2026-09-16,YMML,Melbourne,Arrival,7c7aab,VOZ736,YBCG,YMML,1789525298,1789532420,4616,1583,OpenSky
2026-09-17,2026-09-16,YMML,Melbourne,Arrival,7c6d7e,JST567,YBBN,YMML,1789524551,1789532394,1171,494,OpenSky
2026-09-17,2026-09-16,YMML,Melbourne,Arrival,7c47a4,JST33,,YMML,1789529364,1789531323,,1493,OpenSky
2026-09-17,2026-09-16,YMML,Melbourne,Arrival,7c6b13,JST833,,YMML,1789521948,1789531139,,1768,OpenSky
2026-09-17,2026-09-16,YMML,Melbourne,Arrival,7c496c,JST517,YSSY,YMML,1789526805,1789530985,810,1433,OpenSky
2026-09-17,2026-09-16,YMML,Melbourne,Arrival,7c6d8d,QFA443,YSSY,YMML,1789526633,1789530804,263,1614,OpenSky
2026-09-17,2026-09-16,YMML,Melbourne,Arrival,7c7ab3,VOZ1323,,YMML,1789527293,1789530640,,1521,OpenSky
2026-09-17,2026-09-16,YMML,Melbourne,Arrival,7cb05c,QLK471D,YSCB,YMML,1789527032,1789530428,1736,1317,OpenSky
2026-09-17,2026-09-16,YMML,Melbourne,Arrival,7c6ddb,QFA762,YPPH,YMML,1789518123,1789530217,1419,1601,OpenSky
2026-09-17,2026-09-16,YMML,Melbourne,Arrival,7c6deb,QFA441,YSSY,YMML,1789523793,1789529767,1625,871,OpenSky
2026-09-17,2026-09-16,YMML,Melbourne,Arrival,7c2bc5,VOZ1292,,YMML,1789527397,1789529696,,1708,OpenSky
2026-09-17,2026-09-16,YMML,Melbourne,Arrival,781161,CCA165,,YMML,1789492756,1789529543,,1245,OpenSky
2026-09-17,2026-09-16,YMML,Melbourne,Arrival,7c7a3b,VOZ218,YPAD,YMML,1789525688,1789529206,775,1593,OpenSky
2026-09-17,2026-09-16,YMML,Melbourne,Arrival,7c6dd6,QFA621,YBBN,YMML,1789521426,1789529075,1902,1523,OpenSky
2026-09-17,2026-09-16,YMML,Melbourne,Arrival,7c7bc7,VOZ682,YPPH,YMML,1789516366,1789528903,1390,1488,OpenSky
2026-09-17,2026-09-16,YMML,Melbourne,Arrival,7c7ab4,VOZ838,YSSY,YMML,1789524562,1789528746,938,1587,OpenSky
2026-09-17,2026-09-16,YMML,Melbourne,Arrival,7c7ab1,VOZ324,YBBN,YMML,1789521131,1789528529,1882,1623,OpenSky
2026-09-17,2026-09-16,YMML,Melbourne,Arrival,7c0460,JST220,,YMML,1789517993,1789528338,,1677,OpenSky
2026-09-17,2026-09-16,YMML,Melbourne,Arrival,7c7bcc,VOZ1592,YWLM,YMML,1789523111,1789527946,1727,1649,OpenSky
2026-09-17,2026-09-16,YMML,Melbourne,Arrival,7c3a8d,LUN,YMEN,YMML,1789526809,1789527828,396,1838,OpenSky
2026-09-17,2026-09-16,YMML,Melbourne,Arrival,7c6d7f,JST793,YBMC,YMML,1789519806,1789527663,395,1869,OpenSky
2026-09-17,2026-09-16,YMML,Melbourne,Arrival,7c78aa,QLK1573,YBCG,YMML,1789519570,1789526965,4010,1521,OpenSky
2026-09-17,2026-09-16,YMML,Melbourne,Arrival,7c788d,JST734,YMLT,YMML,1789522666,1789525623,1040,1916,OpenSky
2026-09-17,2026-09-16,YMML,Melbourne,Arrival,7cad4a,VOZ834,YSSY,YMML,1789521108,1789525497,157,1221,OpenSky
2026-09-17,2026-09-16,YMML,Melbourne,Arrival,7c6d94,QFA437,YSSY,YMML,1789521033,1789525307,797,1517,OpenSky
2026-09-17,2026-09-16,YMML,Melbourne,Arrival,7c6d9e,QFA619,YBBN,YMML,1789517736,1789525121,1844,1609,OpenSky
2026-09-17,2026-09-16,YMML,Melbourne,Arrival,7c6d7c,JST571,YBBN,YMML,1789517433,1789525012,1496,1811,OpenSky
2026-09-17,2026-09-16,YMML,Melbourne,Arrival,7c47a3,JST511,YSSY,YMML,1789520600,1789524837,274,1163,OpenSky
2026-09-17,2026-09-16,YMML,Melbourne,Arrival,c88092,FJI935,,YMML,1789519266,1789524669,,1072,OpenSky
2026-09-17,2026-09-16,YMML,Melbourne,Arrival,7c6c97,JST431,YBCG,YMML,1789517388,1789524508,4578,1572,OpenSky
2026-09-17,2026-09-16,YMML,Melbourne,Arrival,7c6d95,QFA435,YSSY,YMML,1789520073,1789524239,778,1708,OpenSky
2026-09-17,2026-09-16,YMML,Melbourne,Arrival,7c6dd8,QFA678,YPAD,YMML,1789520437,1789524117,829,1512,OpenSky
2026-09-17,2026-09-16,YMML,Melbourne,Arrival,7c6d92,QFA760,YPPH,YMML,1789511527,1789523946,1462,1559,OpenSky
2026-09-17,2026-09-16,YMML,Melbourne,Arrival,7c7a39,VOZ1321,,YMML,1789519933,1789523810,,1640,OpenSky
2026-09-17,2026-09-16,YMML,Melbourne,Arrival,896617,UAE9314,WSSS,YMML,1789499279,1789523664,1887,466,OpenSky
2026-09-17,2026-09-16,YMML,Melbourne,Arrival,7c801e,RXA3657,,YMML,1789521557,1789523543,,1378,OpenSky
2026-09-17,2026-09-16,YMML,Melbourne,Arrival,7c6d32,VOZ678,YPPH,YMML,1789510780,1789523399,1201,1717,OpenSky
2026-09-17,2026-09-16,YMML,Melbourne,Arrival,7c4a45,JST437,YBCG,YMML,1789515964,1789523227,4305,1152,OpenSky
2026-09-17,2026-09-16,YMML,Melbourne,Arrival,7c6ddd,QFA433,YSSY,YMML,1789518744,1789523039,376,1574,OpenSky
2026-09-17,2026-09-16,YMML,Melbourne,Arrival,76bd43,TGW58,WSSS,YMML,1789498333,1789522907,2588,1041,OpenSky
2026-09-17,2026-09-16,YMML,Melbourne,Arrival,7c6db1,QFA615,YBBN,YMML,1789514613,1789522757,2021,1498,OpenSky
2026-09-17,2026-09-16,YMML,Melbourne,Arrival,7c78a8,QLK6207,,YMML,1789516342,1789522638,,1625,OpenSky
2026-09-17,2026-09-16,YMML,Melbourne,Arrival,7c6c99,JST471,YWLM,YMML,1789516840,1789522422,2151,1773,OpenSky
2026-09-17,2026-09-16,YMML,Melbourne,Arrival,7c7c98,VOZ830,YSSY,YMML,1789517483,1789522277,474,1166,OpenSky
2026-09-17,2026-09-16,YMML,Melbourne,Arrival,7c80b9,RXA3764,YMTG,YMML,1789518237,1789522134,8245,1577,OpenSky
2026-09-17,2026-09-16,YMML,Melbourne,Arrival,7c6d7b,JST509,YSSY,YMML,1789517419,1789521966,192,1818,OpenSky
2026-09-17,2026-09-16,YMML,Melbourne,Arrival,7c7a46,VOZ1365,YMLT,YMML,1789518393,1789521834,1421,1835,OpenSky
2026-09-17,2026-09-16,YMML,Melbourne,Arrival,781095,CBJ461,,YMML,1789489426,1789521659,,1498,OpenSky
2026-09-17,2026-09-16,YMML,Melbourne,Arrival,7c5950,RXA3558,,YMML,1789518625,1789521529,,1091,OpenSky
2026-09-17,2026-09-16,YMML,Melbourne,Arrival,7c7bc6,VOZ318,YBBN,YMML,1789513704,1789521345,1801,1628,OpenSky
2026-09-17,2026-09-16,YMML,Melbourne,Arrival,7c7884,JST563,YBBN,YMML,1789513505,1789521198,1495,1778,OpenSky
2026-09-17,2026-09-16,YMML,Melbourne,Arrival,7c52fd,QLK79D,,YMML,1789519069,1789521029,,1222,OpenSky
2026-09-17,2026-09-16,YMML,Melbourne,Arrival,7c78af,QLK1523,YSCB,YMML,1789517456,1789520829,602,1152,OpenSky
2026-09-17,2026-09-16,YMML,Melbourne,Arrival,7c7a49,VOZ826,YSSY,YMML,1789516225,1789520648,226,1664,OpenSky
2026-09-17,2026-09-16,YMML,Melbourne,Arrival,7c530f,QLK92D,YMLT,YMML,1789517055,1789520426,1513,1288,OpenSky
2026-09-17,2026-09-16,YMML,Melbourne,Arrival,7c788b,JST702,,YMML,1789517067,1789520115,,1928,OpenSky
2026-09-17,2026-09-16,YMML,Melbourne,Arrival,7c39f3,QLK52D,,YMML,1789517408,1789519929,,1427,OpenSky
2026-09-17,2026-09-16,YMML,Melbourne,Arrival,c82afb,ANZ121,NZAA,YMML,1789507348,1789519747,2707,1176,OpenSky
2026-09-17,2026-09-16,YMML,Melbourne,Arrival,780abc,CPA105,VHHH,YMML,1789490211,1789519542,1334,1208,OpenSky
2026-09-17,2026-09-16,YMML,Melbourne,Arrival,76cd6e,SIA237,WSSS,YMML,1789495252,1789519349,1693,1196,OpenSky
2026-09-17,2026-09-16,YMML,Melbourne,Arrival,7c6d75,JST777,YPAD,YMML,1789515516,1789519122,492,1794,OpenSky
2026-09-17,2026-09-16,YMML,Melbourne,Arrival,7c6d31,VOZ824,YSSY,YMML,1789514555,1789518973,869,1797,OpenSky
2026-09-17,2026-09-16,YMML,Melbourne,Arrival,7c6b07,JST515,YSSY,YMML,1789514475,1789518749,367,1844,OpenSky
2026-09-17,2026-09-16,YMML,Melbourne,Arrival,7c6ddc,QFA425,YSSY,YMML,1789514066,1789518535,736,1559,OpenSky
2026-09-17,2026-09-16,YMML,Melbourne,Arrival,7cad48,VOZ212,YPAD,YMML,1789514348,1789518350,604,1317,OpenSky
2026-09-17,2026-09-16,YMML,Melbourne,Arrival,7c6b37,JST941,,YMML,1789515599,1789518155,,1554,OpenSky
2026-09-17,2026-09-16,YMML,Melbourne,Arrival,7c6d90,QFA613,YBBN,YMML,1789510097,1789517981,1313,1542,OpenSky
2026-09-17,2026-09-16,YMML,Melbourne,Arrival,899043,CAL057,RCTP,YMML,1789487170,1789517795,1333,1443,OpenSky
2026-09-17,2026-09-16,YMML,Melbourne,Arrival,7c7a38,VOZ314,YBBN,YMML,1789509764,1789517593,1966,1574,OpenSky
2026-09-17,2026-09-16,YMML,Melbourne,Arrival,7c6dbb,QFA423,YSSY,YMML,1789512936,1789517418,1161,1635,OpenSky
2026-09-17,2026-09-16,YMML,Melbourne,Arrival,7cb05c,QLK467D,YSCB,YMML,1789513346,1789517211,1993,1394,OpenSky
2026-09-17,2026-09-16,YMML,Melbourne,Arrival,78927c,CRK035,VHHH,YMML,1789485747,1789517043,1511,1220,OpenSky
2026-09-17,2026-09-16,YMML,Melbourne,Arrival,7c47aa,JST565,YBBN,YMML,1789509370,1789516834,1273,1140,OpenSky
2026-09-17,2026-09-16,YMML,Melbourne,Arrival,7c6bc3,JST6,,YMML,1789511454,1789516588,,1061,OpenSky
2026-09-17,2026-09-16,YMML,Melbourne,Arrival,7c47b8,QFA421,YSSY,YMML,1789512204,1789516358,225,1226,OpenSky
2026-09-17,2026-09-16,YMML,Melbourne,Arrival,7c7ab8,VOZ820,YSSY,YMML,1789511865,1789515803,549,2111,OpenSky
2026-09-17,2026-09-16,YMML,Melbourne,Arrival,7c6b0f,JST172,NZCH,YMML,1789503363,1789515312,762,2324,OpenSky
2026-09-17,2026-09-16,YMML,Melbourne,Arrival,7c6b3d,JST771,YPAD,YMML,1789511715,1789515133,612,2070,OpenSky
2026-09-17,2026-09-16,YMML,Melbourne,Arrival,7c6b3b,JST507,YSSY,YMML,1789510665,1789514933,278,2294,OpenSky
2026-09-17,2026-09-16,YMML,Melbourne,Arrival,7c6bbd,JST18,,YMML,1789488692,1789514721,,1322,OpenSky
2026-09-17,2026-09-16,YMML,Melbourne,Arrival,7c6d93,QFA674,YPAD,YMML,1789510993,1789514573,352,2115,OpenSky
2026-09-17,2026-09-16,YMML,Melbourne,Arrival,7c7891,JST435,YBCG,YMML,1789507059,1789514470,3154,2182,OpenSky
2026-09-17,2026-09-16,YMML,Melbourne,Arrival,7c6dda,QFA609,YBBN,YMML,1789506727,1789514260,1155,1787,OpenSky
2026-09-17,2026-09-16,YMML,Melbourne,Arrival,7c6d98,QFA415,YSSY,YMML,1789509998,1789514153,314,1989,OpenSky
2026-09-17,2026-09-16,YMML,Melbourne,Arrival,7c7ab3,VOZ816,YSSY,YMML,1789509710,1789514010,792,1972,OpenSky
2026-09-17,2026-09-16,YMML,Melbourne,Arrival,7caf15,VOZ208,YPAD,YMML,1789510268,1789513909,505,1417,OpenSky
2026-09-17,2026-09-16,YMML,Melbourne,Arrival,7c6d24,VOZ814,YSSY,YMML,1789509367,1789513793,645,1942,OpenSky
2026-09-17,2026-09-16,YMML,Melbourne,Arrival,7c7a3e,VOZ308,YBBN,YMML,1789506006,1789513633,1593,2091,OpenSky
2026-09-17,2026-09-16,YMML,Melbourne,Arrival,7c56b7,VOZ256,YSCB,YMML,1789510430,1789513515,2179,1888,OpenSky
2026-09-17,2026-09-16,YMML,Melbourne,Arrival,7812bd,CXA803,,YMML,1789461855,1789513343,,1301,OpenSky
2026-09-17,2026-09-16,YMML,Melbourne,Arrival,7c7a3b,VOZ812,YSSY,YMML,1789508992,1789513103,125,2071,OpenSky
2026-09-17,2026-09-16,YMML,Melbourne,Arrival,7c6d99,QFA413,YSSY,YMML,1789508100,1789512413,976,1937,OpenSky
2026-09-17,2026-09-16,YMML,Melbourne,Arrival,7c47ac,JST561,YBBN,YMML,1789504695,1789512247,1110,1747,OpenSky
2026-09-17,2026-09-16,YMML,Melbourne,Arrival,7c7aa6,VOZ810,YSSY,YMML,1789507535,1789512092,855,1859,OpenSky
2026-09-17,2026-09-16,YMML,Melbourne,Arrival,7c1464,QFA38,WSSS,YMML,1789486687,1789511962,468,1353,OpenSky
2026-09-17,2026-09-16,YMML,Melbourne,Arrival,7c4a50,JST505,YSSY,YMML,1789507086,1789511763,240,1338,OpenSky
2026-09-17,2026-09-16,YMML,Melbourne,Arrival,7c7a3d,VOZ726,YBCG,YMML,1789504220,1789511666,5398,1606,OpenSky
2026-09-17,2026-09-16,YMML,Melbourne,Arrival,750595,MAS149,,YMML,1789484902,1789511527,,1046,OpenSky
2026-09-17,2026-09-16,YMML,Melbourne,Arrival,7c045c,JST433,YBCG,YMML,1789503975,1789511433,3062,1433,OpenSky
2026-09-17,2026-09-16,YMML,Melbourne,Arrival,7c6c52,VOZ306,YBBN,YMML,1789503375,1789511266,1102,1493,OpenSky
2026-09-17,2026-09-16,YMML,Melbourne,Arrival,780bd9,CSN321,ZGGG,YMML,1789479814,1789511107,14836,1339,OpenSky
2026-09-17,2026-09-16,YMML,Melbourne,Arrival,7c801e,RXA3554,,YMML,1789507990,1789510979,,1215,OpenSky
2026-09-17,2026-09-16,YMML,Melbourne,Arrival,7c6db3,QFA409,YSSY,YMML,1789506320,1789510859,1297,1638,OpenSky
2026-09-17,2026-09-16,YMML,Melbourne,Arrival,7c7aab,VOZ254,YSCB,YMML,1789507306,1789510754,1801,1617,OpenSky
2026-09-17,2026-09-16,YMML,Melbourne,Arrival,7c6deb,QFA605,YBBN,YMML,1789502524,1789510706,816,871,OpenSky
2026-09-17,2026-09-16,YMML,Melbourne,Arrival,a690bf,DAL11,KLAX,YMML,1789456428,1789510595,1523,1612,OpenSky
2026-09-17,2026-09-16,YMML,Melbourne,Arrival,7c6d30,VOZ808,YSSY,YMML,1789505979,1789510469,193,1687,OpenSky
2026-09-17,2026-09-16,YMML,Melbourne,Arrival,888152,HVN781,,YMML,1789486903,1789510227,,1547,OpenSky
2026-09-17,2026-09-16,YMML,Melbourne,Arrival,7c7803,QFA152,NZAA,YMML,1789496913,1789510087,2062,1737,OpenSky
2026-09-17,2026-09-16,YMML,Melbourne,Arrival,7816a2,CES737,,YMML,1789478961,1789509923,,1416,OpenSky
2026-09-17,2026-09-16,YMML,Melbourne,Arrival,c827a6,ANZ253,NZWN,YMML,1789495805,1789509824,629,1242,OpenSky
2026-09-17,2026-09-16,YMML,Melbourne,Arrival,7c80b9,RXA3752,YMTG,YMML,1789506066,1789509717,5921,1308,OpenSky
2026-09-17,2026-09-16,YMML,Melbourne,Arrival,a31a50,UAL60,KSFO,YMML,1789454830,1789509542,823,1517,OpenSky
2026-09-17,2026-09-16,YMML,Melbourne,Arrival,7c47bc,QFA405,YSSY,YMML,1789504842,1789509354,765,1127,OpenSky
2026-09-17,2026-09-16,YMML,Melbourne,Arrival,7c5950,RXA3653,,YMML,1789506931,1789509233,,1208,OpenSky
2026-09-17,2026-09-16,YMML,Melbourne,Arrival,7c77fd,QFA168,NZCH,YMML,1789496820,1789508964,1397,1702,OpenSky
2026-09-17,2026-09-16,YMML,Melbourne,Arrival,7c7a39,VOZ204,YPAD,YMML,1789505170,1789508815,346,1638,OpenSky
2026-09-17,2026-09-16,YMML,Melbourne,Arrival,c82953,ANZ213,NZCH,YMML,1789496718,1789508683,1038,1303,OpenSky
2026-09-17,2026-09-16,YMML,Melbourne,Arrival,7c52fd,QLK77D,,YMML,1789506694,1789508532,,1350,OpenSky
2026-09-17,2026-09-16,YMML,Melbourne,Arrival,7c7770,QLK1996,YWLM,YMML,1789503345,1789508392,1670,752,OpenSky
2026-09-17,2026-09-16,YMML,Melbourne,Arrival,7c6db4,QFA670,YPAD,YMML,1789504690,1789508195,835,1433,OpenSky
2026-09-17,2026-09-16,YMML,Melbourne,Arrival,7c4203,VOZ800,YSSY,YMML,1789503654,1789508107,353,1861,OpenSky
2026-09-17,2026-09-16,YMML,Melbourne,Arrival,a2cb12,UAL98,KLAX,YMML,1789453650,1789507930,1348,1129,OpenSky
2026-09-17,2026-09-16,YMML,Melbourne,Arrival,7c7ab4,VOZ1313,,YMML,1789504331,1789507709,,1711,OpenSky
2026-09-17,2026-09-16,YMML,Melbourne,Arrival,7c39f3,QLK98D,YMLT,YMML,1789504450,1789507578,2579,1322,OpenSky
2026-09-17,2026-09-16,YMML,Melbourne,Arrival,7c530f,QLK50D,,YMML,1789504970,1789507464,,1176,OpenSky
2026-09-17,2026-09-16,YMML,Melbourne,Arrival,7c6c9a,JST501,YSSY,YMML,1789502809,1789507313,463,1923,OpenSky
2026-09-17,2026-09-16,YMML,Melbourne,Arrival,75041b,MXD177,,YMML,1789474097,1789507209,,764,OpenSky
2026-09-17,2026-09-16,YMML,Melbourne,Arrival,7c5323,QFA80,RJAA,YMML,1789472411,1789507037,1004,722,OpenSky
2026-09-17,2026-09-16,YMML,Melbourne,Arrival,76cef6,SIA227,WSSS,YMML,1789482412,1789506908,1447,863,OpenSky
2026-09-17,2026-09-16,YMML,Melbourne,Arrival,7c1470,QFA30,VHHH,YMML,1789476270,1789506692,1560,1322,OpenSky
2026-09-17,2026-09-16,YMML,Melbourne,Arrival,7c78b5,QLK1290,,YMML,1789503223,1789506629,,1419,OpenSky
2026-09-17,2026-09-16,YMML,Melbourne,Arrival,88510f,THA465,VTBS,YMML,1789476990,1789506428,1525,1533,OpenSky
2026-09-17,2026-09-16,YMML,Melbourne,Arrival,7c6d37,VOZ1361,YMLT,YMML,1789503324,1789506243,2886,1512,OpenSky
2026-09-17,2026-09-16,YMML,Melbourne,Arrival,7c78af,QLK1519,YSCB,YMML,1789502950,1789506059,582,1134,OpenSky
2026-09-17,2026-09-16,YMML,Melbourne,Arrival,7c47a8,JST036,,YMML,1789500636,1789505795,,1120,OpenSky
2026-09-17,2026-09-16,YMML,Melbourne,Arrival,7cad45,VOZ096,YMML,YMML,1789459586,1789503767,556,1247,OpenSky
2026-09-17,2026-09-16,YMML,Melbourne,Arrival,7c806c,QFA94,KLAX,YMML,1789449705,1789503053,2820,1196,OpenSky
2026-09-17,2026-09-16,YMML,Melbourne,Arrival,7c6d9c,QFA839,YMML,YMML,1789469900,1789502939,2217,1568,OpenSky
2026-09-17,2026-09-16,YMML,Melbourne,Arrival,75025b,MAS147,,YMML,1789476180,1789502763,,772,OpenSky
2026-09-17,2026-09-16,YMML,Melbourne,Arrival,758338,PAL209,RPLL,YMML,1789476622,1789502503,243,713,OpenSky
2026-09-17,2026-09-16,YMML,Melbourne,Arrival,7c4a57,JST034,,YMML,1789495912,1789501547,,1406,OpenSky
2026-09-17,2026-09-16,YMML,Melbourne,Arrival,8a05ac,GIA718,,YMML,1789489189,1789501308,,1093,OpenSky
2026-09-17,2026-09-16,YMML,Melbourne,Arrival,7c6d7c,JST971,YPPH,YMML,1789488571,1789501107,467,1829,OpenSky
2026-09-17,2026-09-16,YMML,Melbourne,Arrival,78158a,DKH1655,,YMML,1789469582,1789500907,,808,OpenSky
2026-09-17,2026-09-16,YMML,Melbourne,Arrival,780ab8,CPA135,VHHH,YMML,1789471157,1789500779,959,1336,OpenSky
2026-09-17,2026-09-16,YMML,Melbourne,Arrival,86d9da,JAL773,RJAA,YMML,1789466964,1789500515,1095,1217,OpenSky
2026-09-17,2026-09-16,YMML,Melbourne,Arrival,7c146d,QFA36,WSSS,YMML,1789475280,1789500305,1290,1503,OpenSky
2026-09-17,2026-09-16,YMML,Melbourne,Arrival,8964b4,UAE1CR,OMDB,YMML,1789453741,1789499903,4748,1352,OpenSky
2026-09-17,2026-09-16,YMML,Melbourne,Arrival,e80447,LAN805,SCEL,YMML,1789450579,1789499573,7529,996,OpenSky
2026-09-17,2026-09-16,YMML,Melbourne,Arrival,7c77f6,QFA776,YPPH,YMML,1789487606,1789499363,1251,1701,OpenSky
2026-09-17,2026-09-16,YMML,Melbourne,Arrival,7c1795,TMN7,NZAA,YMML,1789485261,1789497996,778,1343,OpenSky
2026-09-17,2026-09-16,YMML,Melbourne,Arrival,c82337,QFA7384,YWLX,YMML,1789492142,1789497108,5393,2086,OpenSky
2026-09-17,2026-09-16,YMML,Melbourne,Arrival,76cd03,SIA247,WSSS,YMML,1789472105,1789496847,502,1172,OpenSky
2026-09-17,2026-09-16,YMML,Melbourne,Arrival,7c806a,QFA22,KDFW,YMML,1789436932,1789496421,2414,1364,OpenSky
2026-09-17,2026-09-16,YMML,Melbourne,Arrival,7c7543,QFA7305,YBBN,YMML,1789488150,1789495799,1581,1403,OpenSky
2026-09-17,2026-09-16,YMML,Melbourne,Arrival,c82ae2,TFX94,YMLT,YMML,1789490402,1789493039,3210,1422,OpenSky
2026-09-17,2026-09-16,YMML,Melbourne,Arrival,7c66e2,QFA7330,YBBN,YMML,1789484550,1789492168,1111,1814,OpenSky
2026-09-17,2026-09-16,YMML,Melbourne,Arrival,c82ae4,TFX42,YBBN,YMML,1789483127,1789490945,1469,1108,OpenSky
2026-09-17,2026-09-16,YMML,Melbourne,Arrival,7c4319,JTE7445,YWLX,YMML,1789483141,1789488516,5455,1446,OpenSky
2026-09-17,2026-09-16,YMML,Melbourne,Arrival,7c4899,OMJ,YSBK,YMML,1789478160,1789487797,993,172,OpenSky
2026-09-17,2026-09-16,YMML,Melbourne,Arrival,7c6d75,JST917,,YMML,1789481325,1789483379,,1785,OpenSky
2026-09-17,2026-09-16,YMML,Melbourne,Arrival,7c5d71,QFA7227,YWLX,YMML,1789478340,1789483203,5956,1833,OpenSky
2026-09-17,2026-09-16,YMML,Melbourne,Arrival,7c1469,QFA7345,YWLX,YMML,1789478883,1789482989,7185,1003,OpenSky
2026-09-17,2026-09-16,YMML,Melbourne,Arrival,7c66cf,QFA7335,YBBN,YMML,1789475056,1789482779,1105,1196,OpenSky
2026-09-17,2026-09-16,YMML,Melbourne,Arrival,7c5b29,QFA7293,YWLX,YMML,1789476575,1789482535,5521,1735,OpenSky
2026-09-17,2026-09-16,YMML,Melbourne,Arrival,7c7544,QFA7398,YPPH,YMML,1789470876,1789482400,306,1204,OpenSky
2026-09-17,2026-09-16,YMML,Melbourne,Arrival,c82aff,TFX11,YPPH,YMML,1789470442,1789481952,338,1072,OpenSky
2026-09-17,2026-09-16,YMML,Melbourne,Arrival,c82ae2,TFX22,YSSY,YMML,1789476754,1789481265,131,1188,OpenSky
2026-09-17,2026-09-16,YMML,Melbourne,Arrival,7c01f6,AN8,YSBK,YMML,1789469406,1789481050,509,1270,OpenSky
2026-09-17,2026-09-16,YMML,Melbourne,Departure,780a5c,CPA178,YMML,VHHH,1789566972,1789597931,1682,2292,OpenSky
2026-09-17,2026-09-16,YMML,Melbourne,Departure,7c561d,PHA74,YMML,NZAA,1789566720,1789578110,1325,2598,OpenSky
2026-09-17,2026-09-16,YMML,Melbourne,Departure,7c66cf,QFA7350,YMML,YBBN,1789566246,1789577495,1261,1559,OpenSky
2026-09-17,2026-09-16,YMML,Melbourne,Departure,750579,MAS128,YMML,WMSA,1789566176,1789593177,1677,16822,OpenSky
2026-09-17,2026-09-16,YMML,Melbourne,Departure,76cd19,SIA218,YMML,WSSS,1789565730,1789590779,1298,1411,OpenSky
2026-09-17,2026-09-16,YMML,Melbourne,Departure,885105,THA462,YMML,VTBS,1789565453,1789597207,1274,4453,OpenSky
2026-09-17,2026-09-16,YMML,Melbourne,Departure,7c431c,JTE7487,YMML,YWLX,1789563095,1789567673,1620,5349,OpenSky
2026-09-17,2026-09-16,YMML,Melbourne,Departure,7c788f,JST574,YMML,YBBN,1789563032,1789569546,1684,2711,OpenSky
2026-09-17,2026-09-16,YMML,Melbourne,Departure,76bd41,TGW39,YMML,WSSS,1789560533,1789584670,1267,1689,OpenSky
2026-09-17,2026-09-16,YMML,Melbourne,Departure,4bb0f2,THY169,YMML,WSSS,1789560338,1789585679,1282,763,OpenSky
2026-09-17,2026-09-16,YMML,Melbourne,Departure,899043,CAL058,YMML,RCTP,1789560174,1789591979,1673,1298,OpenSky
2026-09-17,2026-09-16,YMML,Melbourne,Departure,7c5c68,QFA7411,YMML,YWLX,1789559346,1789563853,1672,7291,OpenSky
2026-09-17,2026-09-16,YMML,Melbourne,Departure,7c2bc5,VOZ359,YMML,YBBN,1789559022,1789565399,1746,2609,OpenSky
2026-09-17,2026-09-16,YMML,Melbourne,Departure,7c7ab8,VOZ291,YMML,YSCB,1789558907,1789561792,2050,4525,OpenSky
2026-09-17,2026-09-16,YMML,Melbourne,Departure,7c47b8,QFA498,YMML,YSSY,1789558177,1789561929,1271,1419,OpenSky
2026-09-17,2026-09-16,YMML,Melbourne,Departure,7c585f,VOZ1334,YMML,YCBG,1789557445,1789560872,1999,18664,OpenSky
2026-09-17,2026-09-16,YMML,Melbourne,Departure,7c788b,JST7994,YMML,YBBN,1789557123,1789563468,1362,2426,OpenSky
2026-09-17,2026-09-16,YMML,Melbourne,Departure,76ccd0,SIA7297,YMML,WSSS,1789557079,1789581593,1657,1153,OpenSky
2026-09-17,2026-09-16,YMML,Melbourne,Departure,7c6b38,JST782,YMML,YPAD,1789557026,1789560345,1677,1022,OpenSky
2026-09-17,2026-09-16,YMML,Melbourne,Departure,7c6d7c,JST532,YMML,YSSY,1789556738,1789560866,1635,1511,OpenSky
2026-09-17,2026-09-16,YMML,Melbourne,Departure,7c6d2a,VOZ1380,YMML,YMLT,1789556687,1789559954,2096,1794,OpenSky
2026-09-17,2026-09-16,YMML,Melbourne,Departure,7c7bcc,VOZ703,YMML,YPPH,1789556172,1789568783,2107,762,OpenSky
2026-09-17,2026-09-16,YMML,Melbourne,Departure,7c7544,QFA7354,YMML,YWLX,1789556037,1789560326,1286,5555,OpenSky
2026-09-17,2026-09-16,YMML,Melbourne,Departure,7c6d39,VOZ353,YMML,YBBN,1789555866,1789562320,2006,2328,OpenSky
2026-09-17,2026-09-16,YMML,Melbourne,Departure,7c7aa0,VOZ895,YMML,YSSY,1789555068,1789558949,1924,1481,OpenSky
2026-09-17,2026-09-16,YMML,Melbourne,Departure,7c78b5,QLK1297,YMML,YMHB,1789554912,1789558495,1280,16570,OpenSky
2026-09-17,2026-09-16,YMML,Melbourne,Departure,7c6b09,JST739,YMML,YMLT,1789554835,1789558254,1613,1857,OpenSky
2026-09-17,2026-09-16,YMML,Melbourne,Departure,7c1795,TMN8,YMML,NZAA,1789554758,1789566569,267,2857,OpenSky
2026-09-17,2026-09-16,YMML,Melbourne,Departure,7c045c,JST450,YMML,YBCG,1789554692,1789560646,1268,7047,OpenSky
2026-09-17,2026-09-16,YMML,Melbourne,Departure,7c78aa,QLK1258,YMML,YBBN,1789554585,1789561510,1275,3339,OpenSky
2026-09-17,2026-09-16,YMML,Melbourne,Departure,7c78a8,QLK1530,YMML,YSCB,1789554366,1789557334,1278,5663,OpenSky
2026-09-17,2026-09-16,YMML,Melbourne,Departure,7c47bb,QFA490,YMML,YSSY,1789554077,1789558009,1261,775,OpenSky
2026-09-17,2026-09-16,YMML,Melbourne,Departure,7c2ba8,VOZ247,YMML,YPAD,1789553915,1789557118,1686,1429,OpenSky
2026-09-17,2026-09-16,YMML,Melbourne,Departure,7c6d98,QFA775,YMML,YPPH,1789553554,1789565694,2030,705,OpenSky
2026-09-17,2026-09-16,YMML,Melbourne,Departure,7c7a46,VOZ349,YMML,YBBN,1789552450,1789558885,2132,1490,OpenSky
2026-09-17,2026-09-16,YMML,Melbourne,Departure,7c47a3,JST526,YMML,YSSY,1789551939,1789555671,1274,1028,OpenSky
2026-09-17,2026-09-16,YMML,Melbourne,Departure,7c80b9,RXA3579,YMML,,1789550966,1789553844,518,,OpenSky
2026-09-17,2026-09-16,YMML,Melbourne,Departure,7c77f6,QFA773,YMML,YPPH,1789550952,1789563090,1987,914,OpenSky
2026-09-17,2026-09-16,YMML,Melbourne,Departure,7c6c96,JST528,YMML,YSSY,1789550825,1789554687,1712,1471,OpenSky
2026-09-17,2026-09-16,YMML,Melbourne,Departure,7c045e,JST522,YMML,YSSY,1789550684,1789554486,1267,1450,OpenSky
2026-09-17,2026-09-16,YMML,Melbourne,Departure,7c39f3,QLK59D,YMML,,1789550580,1789552869,1267,,OpenSky
2026-09-17,2026-09-16,YMML,Melbourne,Departure,7c6d8e,QFA486,YMML,YSSY,1789550557,1789554298,1939,1434,OpenSky
2026-09-17,2026-09-16,YMML,Melbourne,Departure,7c801e,RXA3684,YMML,,1789550325,1789552098,1302,,OpenSky
2026-09-17,2026-09-16,YMML,Melbourne,Departure,7c68b6,QLK1999,YMML,YWLM,1789550205,1789555039,1268,4943,OpenSky
2026-09-17,2026-09-16,YMML,Melbourne,Departure,c827e9,ANZ126,YMML,NZAA,1789550100,1789562153,1292,2557,OpenSky
2026-09-17,2026-09-16,YMML,Melbourne,Departure,7c6d91,QFA697,YMML,YPAD,1789550048,1789553427,2006,1043,OpenSky
2026-09-17,2026-09-16,YMML,Melbourne,Departure,7c530f,QLK76D,YMML,,1789549906,1789551356,1265,,OpenSky
2026-09-17,2026-09-16,YMML,Melbourne,Departure,7c6de5,QFA484,YMML,YSSY,1789549796,1789553590,1961,1346,OpenSky
2026-09-17,2026-09-16,YMML,Melbourne,Departure,7c7884,JST946,YMML,,1789549693,1789551205,1757,,OpenSky
2026-09-17,2026-09-16,YMML,Melbourne,Departure,7c7bc7,VOZ883,YMML,YSSY,1789549601,1789553309,1983,2127,OpenSky
2026-09-17,2026-09-16,YMML,Melbourne,Departure,7c5950,RXA3783,YMML,YMTG,1789549217,1789552122,1283,20870,OpenSky
2026-09-17,2026-09-16,YMML,Melbourne,Departure,7c7a45,VOZ347,YMML,YBBN,1789549182,1789555718,1965,1379,OpenSky
2026-09-17,2026-09-16,YMML,Melbourne,Departure,7c7ab3,VOZ755,YMML,YBCG,1789549100,1789554863,2054,8675,OpenSky
2026-09-17,2026-09-16,YMML,Melbourne,Departure,7cb05c,QLK97D,YMML,YMLT,1789548960,1789552331,1283,3012,OpenSky
2026-09-17,2026-09-16,YMML,Melbourne,Departure,7c6d75,JST524,YMML,YSSY,1789548912,1789552814,1616,1536,OpenSky
2026-09-17,2026-09-16,YMML,Melbourne,Departure,7c6de6,QFA632,YMML,YBBN,1789548803,1789555060,2028,1550,OpenSky
2026-09-17,2026-09-16,YMML,Melbourne,Departure,7c6d78,JST446,YMML,YBCG,1789548711,1789554676,1594,5693,OpenSky
2026-09-17,2026-09-16,YMML,Melbourne,Departure,7c77fe,QFA157,YMML,NZAA,1789548586,1789560292,2043,2782,OpenSky
2026-09-17,2026-09-16,YMML,Melbourne,Departure,7c77fb,QFA169,YMML,NZCH,1789548407,1789559128,2011,2244,OpenSky
2026-09-17,2026-09-16,YMML,Melbourne,Departure,c827a3,ANZ216,YMML,NZCH,1789548288,1789559411,1267,2259,OpenSky
2026-09-17,2026-09-16,YMML,Melbourne,Departure,76cda8,SIA208,YMML,WSSS,1789548142,1789573403,1281,2005,OpenSky
2026-09-17,2026-09-16,YMML,Melbourne,Departure,7c7bc6,VOZ879,YMML,YSSY,1789547898,1789551764,2017,1837,OpenSky
2026-09-17,2026-09-16,YMML,Melbourne,Departure,7c6dbb,QFA480,YMML,YSSY,1789547813,1789551543,1965,1920,OpenSky
2026-09-17,2026-09-16,YMML,Melbourne,Departure,7c7a3d,VOZ875,YMML,YSSY,1789547448,1789551407,1906,1471,OpenSky
2026-09-17,2026-09-16,YMML,Melbourne,Departure,7c6d2b,VOZ1330,YMML,YCBG,1789547340,1789550623,2183,24890,OpenSky
2026-09-17,2026-09-16,YMML,Melbourne,Departure,7c6dba,QFA478,YMML,YSSY,1789546916,1789550789,1968,1509,OpenSky
2026-09-17,2026-09-16,YMML,Melbourne,Departure,7c6db7,QFA693,YMML,YPAD,1789546483,1789549666,1804,763,OpenSky
2026-09-17,2026-09-16,YMML,Melbourne,Departure,7c6d31,VOZ697,YMML,YPPH,1789546371,1789559466,1998,405,OpenSky
2026-09-17,2026-09-16,YMML,Melbourne,Departure,8966c3,ETD2NL,YMML,OMAA,1789546241,1789591750,1726,1803,OpenSky
2026-09-17,2026-09-16,YMML,Melbourne,Departure,7c77fc,QFA046,YMML,YMML,1789545853,1789590404,1177,1503,OpenSky
2026-09-17,2026-09-16,YMML,Melbourne,Departure,7cad46,VOZ095,YMML,YBCG,1789545316,1789591730,1552,7419,OpenSky
2026-09-17,2026-09-16,YMML,Melbourne,Departure,7c7801,QFA628,YMML,YBBN,1789545180,1789551763,2058,1421,OpenSky
2026-09-17,2026-09-16,YMML,Melbourne,Departure,7c6da0,QFA476,YMML,YSSY,1789544855,1789548933,1969,1744,OpenSky
2026-09-17,2026-09-16,YMML,Melbourne,Departure,7c7a3f,VOZ869,YMML,YSSY,1789544678,1789548808,1858,1109,OpenSky
2026-09-17,2026-09-16,YMML,Melbourne,Departure,7c6c92,JST948,YMML,,1789544281,1789545894,1660,,OpenSky
2026-09-17,2026-09-16,YMML,Melbourne,Departure,7c7ab2,VOZ341,YMML,YBBN,1789544176,1789550742,1972,1423,OpenSky
2026-09-17,2026-09-16,YMML,Melbourne,Departure,7c7a38,VOZ871,YMML,YSSY,1789544104,1789548178,1950,2452,OpenSky
2026-09-17,2026-09-16,YMML,Melbourne,Departure,7c7c9b,VOZ237,YMML,YPAD,1789543757,1789547548,1289,345,OpenSky
2026-09-17,2026-09-16,YMML,Melbourne,Departure,7c6c9b,JST444,YMML,YBCG,1789543660,1789549584,1686,4767,OpenSky
2026-09-17,2026-09-16,YMML,Melbourne,Departure,7c6de4,QFA474,YMML,YSSY,1789543560,1789547481,2143,2078,OpenSky
2026-09-17,2026-09-16,YMML,Melbourne,Departure,7cad42,VOZ281,YMML,YSCB,1789542960,1789545775,1280,4535,OpenSky
2026-09-17,2026-09-16,YMML,Melbourne,Departure,7c6d8c,QFA470,YMML,YSSY,1789542889,1789546649,1828,1746,OpenSky
2026-09-17,2026-09-16,YMML,Melbourne,Departure,7c78af,QLK1528,YMML,YSCB,1789542649,1789545589,1293,4530,OpenSky
2026-09-17,2026-09-16,YMML,Melbourne,Departure,7c6d32,VOZ867,YMML,YSSY,1789542584,1789546432,1895,1434,OpenSky
2026-09-17,2026-09-16,YMML,Melbourne,Departure,7c6d7b,JST916,YMML,,1789542504,1789543977,1685,,OpenSky
2026-09-17,2026-09-16,YMML,Melbourne,Departure,7c6db0,QFA691,YMML,YPAD,1789542224,1789545651,1906,1244,OpenSky
2026-09-17,2026-09-16,YMML,Melbourne,Departure,7c6dda,QFA468,YMML,YSSY,1789542095,1789546079,1979,1850,OpenSky
2026-09-17,2026-09-16,YMML,Melbourne,Departure,7c47a9,JST974,YMML,YPPH,1789541912,1789574419,1261,1593,OpenSky
2026-09-17,2026-09-16,YMML,Melbourne,Departure,7c6b38,JST778,YMML,YPAD,1789541682,1789544853,1623,1484,OpenSky
2026-09-17,2026-09-16,YMML,Melbourne,Departure,06a2b3,VOZ007,YMML,OTHH,1789541197,1789587830,1671,4792,OpenSky
2026-09-17,2026-09-16,YMML,Melbourne,Departure,7c6d24,VOZ863,YMML,YSSY,1789541154,1789545239,1932,2037,OpenSky
2026-09-17,2026-09-16,YMML,Melbourne,Departure,7c78b5,QLK1526,YMML,YSCB,1789541095,1789544009,1778,4606,OpenSky
2026-09-17,2026-09-16,YMML,Melbourne,Departure,7c6b3b,JST709,YMML,YMHB,1789540980,1789544339,686,17161,OpenSky
2026-09-17,2026-09-16,YMML,Melbourne,Departure,7c6db3,QFA466,YMML,YSSY,1789540958,1789544962,1910,1464,OpenSky
2026-09-17,2026-09-16,YMML,Melbourne,Departure,7c78a8,QLK1524,YMML,YSCB,1789540824,1789543785,1698,4364,OpenSky
2026-09-17,2026-09-16,YMML,Melbourne,Departure,7c146a,QFA37,YMML,WSSS,1789540687,1789566229,1503,1872,OpenSky
2026-09-17,2026-09-16,YMML,Melbourne,Departure,7c7ab4,VOZ337,YMML,YBBN,1789540612,1789547050,542,1924,OpenSky
2026-09-17,2026-09-16,YMML,Melbourne,Departure,7c78ae,QLK1295,YMML,YCBG,1789540422,1789543722,1797,26275,OpenSky
2026-09-17,2026-09-16,YMML,Melbourne,Departure,7c77f9,QFA624,YMML,YBBN,1789540388,1789546819,478,1527,OpenSky
2026-09-17,2026-09-16,YMML,Melbourne,Departure,7c6d30,VOZ859,YMML,YSSY,1789540212,1789544601,1005,1747,OpenSky
2026-09-17,2026-09-16,YMML,Melbourne,Departure,7c6d7c,JST7992,YMML,YSSY,1789540023,1789544058,406,1772,OpenSky
2026-09-17,2026-09-16,YMML,Melbourne,Departure,7c47b8,QFA462,YMML,YSSY,1789539879,1789543879,633,978,OpenSky
2026-09-17,2026-09-16,YMML,Melbourne,Departure,7c47a4,JST033,YMML,,1789539735,1789544815,1924,,OpenSky
2026-09-17,2026-09-16,YMML,Melbourne,Departure,7c6b13,JST944,YMML,,1789539603,1789541099,924,,OpenSky
2026-09-17,2026-09-16,YMML,Melbourne,Departure,780a28,CPA028,YMML,YBBN,1789539465,1789545791,1649,1068,OpenSky
2026-09-17,2026-09-16,YMML,Melbourne,Departure,7c80b9,RXA3577,YMML,,1789539060,1789541724,666,,OpenSky
2026-09-17,2026-09-16,YMML,Melbourne,Departure,7c6b09,JST707,YMML,YCBG,1789539033,1789542466,829,19847,OpenSky
2026-09-17,2026-09-16,YMML,Melbourne,Departure,7c530f,QLK57D,YMML,,1789538868,1789541003,726,,OpenSky
2026-09-17,2026-09-16,YMML,Melbourne,Departure,7c6dd6,QFA622,YMML,YBBN,1789538826,1789545419,442,1871,OpenSky
2026-09-17,2026-09-16,YMML,Melbourne,Departure,7c146d,QFA039,YMML,WIII,1789538605,1789561045,1217,3004,OpenSky
2026-09-17,2026-09-16,YMML,Melbourne,Departure,7c39f3,QLK87D,YMML,,1789538449,1789540469,382,,OpenSky
2026-09-17,2026-09-16,YMML,Melbourne,Departure,7c7aab,VOZ1595,YMML,YWLM,1789538333,1789542747,808,5609,OpenSky
2026-09-17,2026-09-16,YMML,Melbourne,Departure,7c6b07,JST476,YMML,YWLM,1789538123,1789542447,1079,5576,OpenSky
2026-09-17,2026-09-16,YMML,Melbourne,Departure,7c6bbd,JST63,YMML,,1789537925,1789562872,1352,,OpenSky
2026-09-17,2026-09-16,YMML,Melbourne,Departure,7c6d8d,QFA458,YMML,YSSY,1789537860,1789541639,426,1798,OpenSky
2026-09-17,2026-09-16,YMML,Melbourne,Departure,7c52fd,QLK82D,YMML,,1789537726,1789539219,738,,OpenSky
2026-09-17,2026-09-16,YMML,Melbourne,Departure,7c6d7e,JST566,YMML,YBBN,1789537606,1789543875,564,1638,OpenSky
2026-09-17,2026-09-16,YMML,Melbourne,Departure,7c6ddb,QFA454,YMML,YSSY,1789537534,1789541236,732,1355,OpenSky
2026-09-17,2026-09-16,YMML,Melbourne,Departure,7c801e,RXA3682,YMML,,1789537420,1789539299,597,,OpenSky
2026-09-17,2026-09-16,YMML,Melbourne,Departure,7c2bc5,VOZ749,YMML,YBCG,1789537155,1789543133,864,8177,OpenSky
2026-09-17,2026-09-16,YMML,Melbourne,Departure,76cd6e,SIA228,YMML,WSSS,1789536936,1789561721,1609,2720,OpenSky
2026-09-17,2026-09-16,YMML,Melbourne,Departure,7c496c,JST520,YMML,YSSY,1789536735,1789540613,644,975,OpenSky
2026-09-17,2026-09-16,YMML,Melbourne,Departure,7c6d98,QFA687,YMML,YPAD,1789536586,1789539838,838,687,OpenSky
2026-09-17,2026-09-16,YMML,Melbourne,Departure,7cb05c,QLK95D,YMML,YMLT,1789536410,1789539674,677,3262,OpenSky
2026-09-17,2026-09-16,YMML,Melbourne,Departure,7c7a39,VOZ853,YMML,YSSY,1789535546,1789539277,822,1859,OpenSky
2026-09-17,2026-09-16,YMML,Melbourne,Departure,7c6c97,JST678,YMML,YPDN,1789535361,1789551069,510,9415,OpenSky
2026-09-17,2026-09-16,YMML,Melbourne,Departure,7c7ab3,VOZ1368,YMML,YMLT,1789535197,1789538139,989,3062,OpenSky
2026-09-17,2026-09-16,YMML,Melbourne,Departure,7c7a3b,VOZ231,YMML,YPAD,1789534673,1789538304,758,529,OpenSky
2026-09-17,2026-09-16,YMML,Melbourne,Departure,7c0460,JST219,YMML,,1789534502,1789544213,736,,OpenSky
2026-09-17,2026-09-16,YMML,Melbourne,Departure,896617,UAE9314,YMML,,1789534098,1789565999,1944,,OpenSky
2026-09-17,2026-09-16,YMML,Melbourne,Departure,7c6deb,QFA769,YMML,YPPH,1789533992,1789547206,875,944,OpenSky
2026-09-17,2026-09-16,YMML,Melbourne,Departure,7c7ab1,VOZ331,YMML,YBBN,1789533955,1789540218,919,1608,OpenSky
2026-09-17,2026-09-16,YMML,Melbourne,Departure,7cad4a,VOZ745,YMML,YBCG,1789533745,1789539621,597,8453,OpenSky
2026-09-17,2026-09-16,YMML,Melbourne,Departure,780abc,CPA104,YMML,VHHH,1789533489,1789564857,1809,3485,OpenSky
2026-09-17,2026-09-16,YMML,Melbourne,Departure,7c6d94,QFA452,YMML,YSSY,1789533256,1789537191,861,1730,OpenSky
2026-09-17,2026-09-16,YMML,Melbourne,Departure,7c6d92,QFA620,YMML,YBBN,1789533064,1789539670,790,1488,OpenSky
2026-09-17,2026-09-16,YMML,Melbourne,Departure,7c7bc7,VOZ849,YMML,YSSY,1789532988,1789537019,879,1794,OpenSky
2026-09-17,2026-09-16,YMML,Melbourne,Departure,7c6d7f,JST516,YMML,YSSY,1789532281,1789536147,519,1678,OpenSky
2026-09-17,2026-09-16,YMML,Melbourne,Departure,7c6d9e,QFA450,YMML,YSSY,1789531662,1789535457,781,1529,OpenSky
2026-09-17,2026-09-16,YMML,Melbourne,Departure,7c806c,QFA21,YMML,KDFW,1789531418,1789587575,1433,3508,OpenSky
2026-09-17,2026-09-16,YMML,Melbourne,Departure,7c78aa,QLK1574,YMML,YBCG,1789531059,1789537109,626,7344,OpenSky
2026-09-17,2026-09-16,YMML,Melbourne,Departure,88510f,THA466,YMML,VTBS,1789530296,1789561453,1682,4232,OpenSky
2026-09-17,2026-09-16,YMML,Melbourne,Departure,750595,MAS148,YMML,WMKK,1789530097,1789574825,1599,18000,OpenSky
2026-09-17,2026-09-16,YMML,Melbourne,Departure,7c788d,JST464,YMML,YBNA,1789529957,1789535647,461,3877,OpenSky
2026-09-17,2026-09-16,YMML,Melbourne,Departure,7c6d95,QFA618,YMML,YBBN,1789529883,1789536539,914,1680,OpenSky
2026-09-17,2026-09-16,YMML,Melbourne,Departure,c88092,FJI934,YMML,,1789529777,1789535207,677,,OpenSky
2026-09-17,2026-09-16,YMML,Melbourne,Departure,76bd43,TGW59,YMML,WSSS,1789529290,1789555052,1757,2601,OpenSky
2026-09-17,2026-09-16,YMML,Melbourne,Departure,7c4a45,JST970,YMML,YPPH,1789529148,1789541339,684,313,OpenSky
2026-09-17,2026-09-16,YMML,Melbourne,Departure,7c47a3,JST514,YMML,YSSY,1789528973,1789532572,688,944,OpenSky
2026-09-17,2026-09-16,YMML,Melbourne,Departure,7c6dd8,QFA767,YMML,YPPH,1789528447,1789540340,855,985,OpenSky
2026-09-17,2026-09-16,YMML,Melbourne,Departure,7c6d39,VOZ845,YMML,YSSY,1789528208,1789532140,1130,1840,OpenSky
2026-09-17,2026-09-16,YMML,Melbourne,Departure,7c7884,JST705,YMML,YCBG,1789528117,1789531418,441,22509,OpenSky
2026-09-17,2026-09-16,YMML,Melbourne,Departure,7c6ddd,QFA446,YMML,YSSY,1789528056,1789531690,810,1335,OpenSky
2026-09-17,2026-09-16,YMML,Melbourne,Departure,7c6d32,VOZ227,YMML,YPAD,1789527750,1789531424,656,1136,OpenSky
2026-09-17,2026-09-16,YMML,Melbourne,Departure,7c6c99,JST796,YMML,YBMC,1789527378,1789534126,457,6889,OpenSky
2026-09-17,2026-09-16,YMML,Melbourne,Departure,7c6db1,QFA683,YMML,YPAD,1789527300,1789530856,483,1129,OpenSky
2026-09-17,2026-09-16,YMML,Melbourne,Departure,7c1464,QFA35,YMML,WSSS,1789527128,1789553600,1387,2153,OpenSky
2026-09-17,2026-09-16,YMML,Melbourne,Departure,7c6ded,QFA444,YMML,YSSY,1789527074,1789530867,956,1544,OpenSky
2026-09-17,2026-09-16,YMML,Melbourne,Departure,c82afb,ANZ122,YMML,NZAA,1789526753,1789538003,1792,2343,OpenSky
2026-09-17,2026-09-16,YMML,Melbourne,Departure,7c5950,RXA3268,YMML,,1789526671,1789529336,633,,OpenSky
2026-09-17,2026-09-16,YMML,Melbourne,Departure,7c6d93,QFA616,YMML,YBBN,1789526622,1789532803,1058,1421,OpenSky
2026-09-17,2026-09-16,YMML,Melbourne,Departure,7cad48,VOZ267,YMML,YSCB,1789526526,1789529343,666,5337,OpenSky
2026-09-17,2026-09-16,YMML,Melbourne,Departure,7c7bc6,VOZ741,YMML,YBCG,1789526463,1789532410,502,8184,OpenSky
2026-09-17,2026-09-16,YMML,Melbourne,Departure,7c7c98,VOZ327,YMML,YBBN,1789526370,1789532596,1556,1819,OpenSky
2026-09-17,2026-09-16,YMML,Melbourne,Departure,7c6d7b,JST512,YMML,YSSY,1789526321,1789530089,624,1705,OpenSky
2026-09-17,2026-09-16,YMML,Melbourne,Departure,7c801e,RXA3873,YMML,,1789526138,1789528155,512,,OpenSky
2026-09-17,2026-09-16,YMML,Melbourne,Departure,7c78af,QLK1293,YMML,,1789526057,1789529285,1832,,OpenSky
2026-09-17,2026-09-16,YMML,Melbourne,Departure,7c6bc3,JST7,YMML,WSSS,1789525896,1789551673,1542,994,OpenSky
2026-09-17,2026-09-16,YMML,Melbourne,Departure,e80447,LAN804,YMML,SCHL,1789525773,1789570514,1566,10291,OpenSky
2026-09-17,2026-09-16,YMML,Melbourne,Departure,7c6ddc,QFA836,YMML,YPDN,1789525723,1789540528,989,11137,OpenSky
2026-09-17,2026-09-16,YMML,Melbourne,Departure,7c52fd,QLK55D,YMML,,1789525551,1789527748,726,,OpenSky
2026-09-17,2026-09-16,YMML,Melbourne,Departure,7c7a49,VOZ841,YMML,YSSY,1789525447,1789529154,870,2242,OpenSky
2026-09-17,2026-09-16,YMML,Melbourne,Departure,7c80b9,RXA3468,YMML,,1789525243,1789527711,377,,OpenSky
2026-09-17,2026-09-16,YMML,Melbourne,Departure,7c6d90,QFA442,YMML,YSSY,1789525207,1789528902,781,1329,OpenSky
2026-09-17,2026-09-16,YMML,Melbourne,Departure,78927c,CRK036,YMML,VHHH,1789524914,1789558407,1722,3166,OpenSky
2026-09-17,2026-09-16,YMML,Melbourne,Departure,7c530f,QLK468D,YMML,YSCB,1789524730,1789527997,728,4438,OpenSky
2026-09-17,2026-09-16,YMML,Melbourne,Departure,7c788b,JST794,YMML,YBMC,1789524452,1789531197,435,8072,OpenSky
2026-09-17,2026-09-16,YMML,Melbourne,Departure,7c7aa6,VOZ147,YMML,,1789524399,1789533335,1203,,OpenSky
2026-09-17,2026-09-16,YMML,Melbourne,Departure,7caf15,VOZ687,YMML,YPPH,1789524328,1789536767,461,286,OpenSky
2026-09-17,2026-09-16,YMML,Melbourne,Departure,7c6d8f,QFA777,YMML,YPPH,1789524198,1789536261,370,846,OpenSky
2026-09-17,2026-09-16,YMML,Melbourne,Departure,7c6d75,JST448,YMML,YBCG,1789524050,1789529779,506,6306,OpenSky
2026-09-17,2026-09-16,YMML,Melbourne,Departure,7c6d31,VOZ1037,YMML,YBMC,1789523910,1789530797,820,6412,OpenSky
2026-09-17,2026-09-16,YMML,Melbourne,Departure,7c6b07,JST654,YMML,YSCB,1789523767,1789526567,401,4468,OpenSky
2026-09-17,2026-09-16,YMML,Melbourne,Departure,7c6dbb,QFA614,YMML,YBBN,1789523490,1789529901,608,1483,OpenSky
2026-09-17,2026-09-16,YMML,Melbourne,Departure,7c7a38,VOZ739,YMML,YBCG,1789523310,1789529187,442,8458,OpenSky
2026-09-17,2026-09-16,YMML,Melbourne,Departure,7812bd,CXA804,YMML,,1789523128,1789554621,1630,,OpenSky
2026-09-17,2026-09-16,YMML,Melbourne,Departure,7c6b37,JST955,YMML,YSSY,1789522982,1789547038,489,1371,OpenSky
2026-09-17,2026-09-16,YMML,Melbourne,Departure,7c6d98,QFA679,YMML,YPAD,1789522851,1789526609,894,699,OpenSky
2026-09-17,2026-09-16,YMML,Melbourne,Departure,7c47b8,QFA438,YMML,YSSY,1789522517,1789526306,644,1038,OpenSky
2026-09-17,2026-09-16,YMML,Melbourne,Departure,7c47aa,JST564,YMML,YBBN,1789522363,1789528529,677,1424,OpenSky
2026-09-17,2026-09-16,YMML,Melbourne,Departure,7c6b0f,JST171,YMML,NZCH,1789522057,1789532459,580,1276,OpenSky
2026-09-17,2026-09-16,YMML,Melbourne,Departure,a31a50,UAL61,YMML,KSFO,1789521586,1789570176,1722,228,OpenSky
2026-09-17,2026-09-16,YMML,Melbourne,Departure,7c6b3b,JST534,YMML,YSSY,1789521443,1789525379,642,1872,OpenSky
2026-09-17,2026-09-16,YMML,Melbourne,Departure,7cb05c,QLK466D,YMML,YSCB,1789521275,1789524564,705,4550,OpenSky
2026-09-17,2026-09-16,YMML,Melbourne,Departure,7c7ab8,VOZ1459,YMML,YPDN,1789521128,1789536045,1320,9443,OpenSky
2026-09-17,2026-09-16,YMML,Melbourne,Departure,7cad45,VOZ091,YMML,YMML,1789520901,1789567072,1716,583,OpenSky
2026-09-17,2026-09-16,YMML,Melbourne,Departure,a690bf,DAL12,YMML,KLAX,1789520724,1789570319,1647,2836,OpenSky
2026-09-17,2026-09-16,YMML,Melbourne,Departure,888152,HVN979,YMML,VABB,1789520523,1789573699,1569,2834,OpenSky
2026-09-17,2026-09-16,YMML,Melbourne,Departure,7c7ab3,VOZ1320,YMML,YJCO,1789520355,1789523309,1078,26685,OpenSky
2026-09-17,2026-09-16,YMML,Melbourne,Departure,7c1470,QFA29,YMML,VHHH,1789520035,1789552736,1538,3724,OpenSky
2026-09-17,2026-09-16,YMML,Melbourne,Departure,7c6dda,QFA612,YMML,YBBN,1789519844,1789526285,1053,1513,OpenSky
2026-09-17,2026-09-16,YMML,Melbourne,Departure,7c6b3d,JST774,YMML,YPAD,1789519641,1789523321,783,1372,OpenSky
2026-09-17,2026-09-16,YMML,Melbourne,Departure,7c78ae,QLK1298,YMML,YSCH,1789519447,1789524623,1577,20605,OpenSky
2026-09-17,2026-09-16,YMML,Melbourne,Departure,7c806a,QFA93,YMML,KLAX,1789519248,1789568507,1697,3423,OpenSky
2026-09-17,2026-09-16,YMML,Melbourne,Departure,7c6d24,VOZ735,YMML,YBCG,1789519222,1789525196,1083,8175,OpenSky
2026-09-17,2026-09-16,YMML,Melbourne,Departure,780bd9,CSN322,YMML,,1789518912,1789552451,1663,,OpenSky
2026-09-17,2026-09-16,YMML,Melbourne,Departure,7c6d99,QFA765,YMML,YPPH,1789518864,1789532334,1078,1250,OpenSky
2026-09-17,2026-09-16,YMML,Melbourne,Departure,7c7a3e,VOZ321,YMML,YBBN,1789518643,1789524898,1068,1430,OpenSky
2026-09-17,2026-09-16,YMML,Melbourne,Departure,7c47ac,JST562,YMML,YBBN,1789518427,1789524762,587,1457,OpenSky
2026-09-17,2026-09-16,YMML,Melbourne,Departure,7c56b7,VOZ833,YMML,YSSY,1789518264,1789522518,920,1460,OpenSky
2026-09-17,2026-09-16,YMML,Melbourne,Departure,7c7891,JST438,YMML,YBCG,1789518083,1789523955,534,8501,OpenSky
2026-09-17,2026-09-16,YMML,Melbourne,Departure,7c6d8d,QFA434,YMML,YSSY,1789517913,1789521989,1291,1464,OpenSky
2026-09-17,2026-09-16,YMML,Melbourne,Departure,7c7a3b,VOZ219,YMML,YPAD,1789517717,1789521179,1128,1104,OpenSky
2026-09-17,2026-09-16,YMML,Melbourne,Departure,7c7c77,VOZ683,YMML,YPPH,1789517306,1789530142,986,587,OpenSky
2026-09-17,2026-09-16,YMML,Melbourne,Departure,7c7543,QFA7307,YMML,YSSY,1789517125,1789520816,564,1455,OpenSky
2026-09-17,2026-09-16,YMML,Melbourne,Departure,7c4a57,JST043,YMML,WSSS,1789516728,1789551029,1283,2609,OpenSky
2026-09-17,2026-09-16,YMML,Melbourne,Departure,7c788d,JST733,YMML,YMLT,1789516685,1789519282,802,14520,OpenSky
2026-09-17,2026-09-16,YMML,Melbourne,Departure,7c6d30,VOZ1031,YMML,YBMC,1789516512,1789523297,2234,10876,OpenSky
2026-09-17,2026-09-16,YMML,Melbourne,Departure,7c5323,QFA79,YMML,RJAA,1789516448,1789551084,1578,3447,OpenSky
2026-09-17,2026-09-16,YMML,Melbourne,Departure,7c7a3d,VOZ1293,YMML,,1789516212,1789517633,2345,,OpenSky
2026-09-17,2026-09-16,YMML,Melbourne,Departure,a2cb12,UAL99,YMML,KLAX,1789516113,1789566078,1614,1314,OpenSky
2026-09-17,2026-09-16,YMML,Melbourne,Departure,7c6c52,VOZ217,YMML,YPAD,1789516089,1789519858,2225,1387,OpenSky
2026-09-17,2026-09-16,YMML,Melbourne,Departure,c82953,ANZ264,YMML,,1789515955,1789525330,1300,,OpenSky
2026-09-17,2026-09-16,YMML,Melbourne,Departure,7c045c,JST436,YMML,YBCG,1789515873,1789521808,1329,6940,OpenSky
2026-09-17,2026-09-16,YMML,Melbourne,Departure,7c77fd,QFA153,YMML,NZAA,1789515784,1789527027,2190,2938,OpenSky
2026-09-17,2026-09-16,YMML,Melbourne,Departure,7c29da,VOZ681,YMML,YPPH,1789515707,1789528829,1984,263,OpenSky
2026-09-17,2026-09-16,YMML,Melbourne,Departure,7c7803,QFA167,YMML,NZCH,1789515615,1789526000,2019,1302,OpenSky
2026-09-17,2026-09-16,YMML,Melbourne,Departure,7c4a50,JST508,YMML,YSSY,1789515492,1789519174,1286,1905,OpenSky
2026-09-17,2026-09-16,YMML,Melbourne,Departure,76cef6,SIA238,YMML,WSSS,1789515449,1789541006,1682,2566,OpenSky
2026-09-17,2026-09-16,YMML,Melbourne,Departure,7c7aab,VOZ733,YMML,YBCG,1789515380,1789521343,2266,8524,OpenSky
2026-09-17,2026-09-16,YMML,Melbourne,Departure,7c6db4,QFA610,YMML,YBBN,1789515198,1789522216,2108,1497,OpenSky
2026-09-17,2026-09-16,YMML,Melbourne,Departure,c827a6,ANZ254,YMML,NZWN,1789515034,1789526424,1395,168,OpenSky
2026-09-17,2026-09-16,YMML,Melbourne,Departure,7c6db3,QFA918,YMML,YNSH,1789514863,1789521435,2219,11156,OpenSky
2026-09-17,2026-09-16,YMML,Melbourne,Departure,7c4203,VOZ319,YMML,YBBN,1789514769,1789521293,1840,1684,OpenSky
2026-09-17,2026-09-16,YMML,Melbourne,Departure,75041b,MXD178,YMML,WMKK,1789514357,1789550559,1614,14555,OpenSky
2026-09-17,2026-09-16,YMML,Melbourne,Departure,7c47a8,JST558,YMML,YBBN,1789514301,1789520511,1281,1292,OpenSky
2026-09-17,2026-09-16,YMML,Melbourne,Departure,7c6de5,QFA763,YMML,YPPH,1789514223,1789527251,2368,1187,OpenSky
2026-09-17,2026-09-16,YMML,Melbourne,Departure,7c7ab4,VOZ827,YMML,YSSY,1789514091,1789517705,2213,1645,OpenSky
2026-09-17,2026-09-16,YMML,Melbourne,Departure,7c6dd8,QFA675,YMML,YPAD,1789513965,1789517529,2171,1069,OpenSky
2026-09-17,2026-09-16,YMML,Melbourne,Departure,7c47bc,QFA426,YMML,YSSY,1789513836,1789517515,1295,1283,OpenSky
2026-09-17,2026-09-16,YMML,Melbourne,Departure,7c6deb,QFA428,YMML,YSSY,1789513730,1789518563,871,1620,OpenSky
2026-09-17,2026-09-16,YMML,Melbourne,Departure,7c801e,RXA3656,YMML,,1789513683,1789515479,1366,,OpenSky
2026-09-17,2026-09-16,YMML,Melbourne,Departure,7c80b9,RXA3763,YMML,YMTG,1789513371,1789516122,1269,14667,OpenSky
2026-09-17,2026-09-16,YMML,Melbourne,Departure,7c6b38,JST664,YMML,,1789513270,1789518145,1939,,OpenSky
2026-09-17,2026-09-16,YMML,Melbourne,Departure,7c7770,QLK1997,YMML,YWLM,1789513145,1789517512,1256,5387,OpenSky
2026-09-17,2026-09-16,YMML,Melbourne,Departure,7c7a3f,VOZ259,YMML,YSCB,1789512884,1789515630,1957,5665,OpenSky
2026-09-17,2026-09-16,YMML,Melbourne,Departure,7c7a39,VOZ1316,YMML,YJCO,1789512800,1789515957,2268,23924,OpenSky
2026-09-17,2026-09-16,YMML,Melbourne,Departure,c82b32,ANZ120,YMML,NZAA,1789512676,1789524206,1295,1706,OpenSky
2026-09-17,2026-09-16,YMML,Melbourne,Departure,7c5950,RXA3557,YMML,,1789512559,1789515187,532,,OpenSky
2026-09-17,2026-09-16,YMML,Melbourne,Departure,7c6d37,VOZ823,YMML,YSSY,1789512488,1789516313,2185,1276,OpenSky
2026-09-17,2026-09-16,YMML,Melbourne,Departure,7c7a46,VOZ1362,YMML,YMLT,1789512380,1789515522,1988,2453,OpenSky
2026-09-17,2026-09-16,YMML,Melbourne,Departure,7c77f6,QFA1050,YMML,,1789512306,1789518556,2191,,OpenSky
2026-09-17,2026-09-16,YMML,Melbourne,Departure,758338,PAL210,YMML,RPLL,1789512137,1789540253,1342,1596,OpenSky
2026-09-17,2026-09-16,YMML,Melbourne,Departure,7c52fd,QLK78D,YMML,,1789511991,1789513674,1283,,OpenSky
2026-09-17,2026-09-16,YMML,Melbourne,Departure,7c6db0,QFA702,YMML,,1789511916,1789513368,2275,,OpenSky
2026-09-17,2026-09-16,YMML,Melbourne,Departure,7c78b5,QLK1596,YMML,,1789511809,1789520272,1366,,OpenSky
2026-09-17,2026-09-16,YMML,Melbourne,Departure,7c6db7,QFA608,YMML,YBBN,1789511583,1789517804,2405,1707,OpenSky
2026-09-17,2026-09-16,YMML,Melbourne,Departure,7cad46,VOZ313,YMML,YBBN,1789511468,1789517637,1296,1484,OpenSky
2026-09-17,2026-09-16,YMML,Melbourne,Departure,7c045e,JST900,YMML,YBLN,1789511325,1789523816,1284,1014,OpenSky
2026-09-17,2026-09-16,YMML,Melbourne,Departure,7c39f3,QLK51D,YMML,,1789511202,1789513457,1276,,OpenSky
2026-09-17,2026-09-16,YMML,Melbourne,Departure,7c6c9a,JST504,YMML,YSSY,1789511160,1789514814,1884,2395,OpenSky
2026-09-17,2026-09-16,YMML,Melbourne,Departure,78158a,DKH1656,YMML,,1789511039,1789543975,1524,,OpenSky
2026-09-17,2026-09-16,YMML,Melbourne,Departure,7c530f,QLK91D,YMML,YMLT,1789510890,1789514419,1270,3875,OpenSky
2026-09-17,2026-09-16,YMML,Melbourne,Departure,75025b,MAS146,YMML,WMKK,1789510699,1789538350,1533,13830,OpenSky
2026-09-17,2026-09-16,YMML,Melbourne,Departure,7c78af,QLK1520,YMML,YSCB,1789510651,1789513572,1279,5702,OpenSky
2026-09-17,2026-09-16,YMML,Melbourne,Departure,7c6d2b,VOZ819,YMML,YSSY,1789510281,1789513882,2034,2549,OpenSky
2026-09-17,2026-09-16,YMML,Melbourne,Departure,7c6d9c,QFA418,YMML,YSSY,1789510142,1789513703,1987,2094,OpenSky
2026-09-17,2026-09-16,YMML,Melbourne,Departure,7c77fc,QFA171,YMML,NZWN,1789509881,1789520948,2358,432,OpenSky
2026-09-17,2026-09-16,YMML,Melbourne,Departure,7c788b,JST703,YMML,YJCO,1789509765,1789512742,1650,23470,OpenSky
2026-09-17,2026-09-16,YMML,Melbourne,Departure,7cad44,VOZ817,YMML,YSSY,1789509582,1789513388,1281,1824,OpenSky
2026-09-17,2026-09-16,YMML,Melbourne,Departure,7c6b13,JST832,YMML,,1789509483,1789517284,2092,,OpenSky
2026-09-17,2026-09-16,YMML,Melbourne,Departure,7c6d7b,JST502,YMML,YSSY,1789509392,1789513012,1705,2804,OpenSky
2026-09-17,2026-09-16,YMML,Melbourne,Departure,7c6d95,QFA416,YMML,YSSY,1789509291,1789512796,1939,2402,OpenSky
2026-09-17,2026-09-16,YMML,Melbourne,Departure,86d9da,JAL774,YMML,RJAA,1789509063,1789542623,1369,3142,OpenSky
2026-09-17,2026-09-16,YMML,Melbourne,Departure,7cad42,VOZ677,YMML,YPPH,1789508859,1789521507,1317,267,OpenSky
2026-09-17,2026-09-16,YMML,Melbourne,Departure,7c6c99,JST472,YMML,YWLM,1789508734,1789512870,1709,6244,OpenSky
2026-09-17,2026-09-16,YMML,Melbourne,Departure,8a05ac,GIA719,YMML,,1789508568,1789574704,1332,,OpenSky
2026-09-17,2026-09-16,YMML,Melbourne,Departure,7c7aac,VOZ815,YMML,YSSY,1789508432,1789512399,1992,2499,OpenSky
2026-09-17,2026-09-16,YMML,Melbourne,Departure,7c78aa,QLK1572,YMML,YBCG,1789508239,1789514298,1287,7962,OpenSky
2026-09-17,2026-09-16,YMML,Melbourne,Departure,7c7a49,VOZ813,YMML,YSSY,1789508169,1789512088,1996,1866,OpenSky
2026-09-17,2026-09-16,YMML,Melbourne,Departure,7c6d94,QFA414,YMML,YSSY,1789508050,1789511914,1976,2251,OpenSky
2026-09-17,2026-09-16,YMML,Melbourne,Departure,7c6d75,JST776,YMML,YPAD,1789507974,1789511607,1597,1452,OpenSky
2026-09-17,2026-09-16,YMML,Melbourne,Departure,7c6d7f,JST792,YMML,YBMC,1789507893,1789514592,1656,9294,OpenSky
2026-09-17,2026-09-16,YMML,Melbourne,Departure,780ab8,CPA134,YMML,,1789507753,1789538772,1336,,OpenSky
2026-09-17,2026-09-16,YMML,Melbourne,Departure,7c6c97,JST430,YMML,YBCG,1789507630,1789513517,1659,9735,OpenSky
2026-09-17,2026-09-16,YMML,Melbourne,Departure,7c6dd6,QFA604,YMML,YBBN,1789507372,1789513925,2003,1997,OpenSky
2026-09-17,2026-09-16,YMML,Melbourne,Departure,7c2bc6,VOZ309,YMML,YBBN,1789507170,1789513757,1943,2061,OpenSky
2026-09-17,2026-09-16,YMML,Melbourne,Departure,7cad48,VOZ211,YMML,YPAD,1789507060,1789510708,1278,672,OpenSky
2026-09-17,2026-09-16,YMML,Melbourne,Departure,7c6ddd,QFA412,YMML,YSSY,1789506985,1789511048,1961,2265,OpenSky
2026-09-17,2026-09-16,YMML,Melbourne,Departure,7c6d7c,JST572,YMML,YBBN,1789506858,1789513400,1700,1949,OpenSky
2026-09-17,2026-09-16,YMML,Melbourne,Departure,7c47a6,JST031,YMML,YMML,1789506768,1789550776,1338,1301,OpenSky
2026-09-17,2026-09-16,YMML,Melbourne,Departure,7cb05c,QLK464D,YMML,YSCB,1789506654,1789509777,1268,4380,OpenSky
2026-09-17,2026-09-16,YMML,Melbourne,Departure,7cad4e,VOZ811,YMML,YSSY,1789506462,1789510709,1278,1840,OpenSky
2026-09-17,2026-09-16,YMML,Melbourne,Departure,7c6b07,JST510,YMML,YSSY,1789506300,1789510679,1613,1911,OpenSky
2026-09-17,2026-09-16,YMML,Melbourne,Departure,7c4a45,JST432,YMML,YBCG,1789506174,1789511999,1268,8585,OpenSky
2026-09-17,2026-09-16,YMML,Melbourne,Departure,7c77f9,QFA410,YMML,YSSY,1789506110,1789510203,1899,2291,OpenSky
2026-09-17,2026-09-16,YMML,Melbourne,Departure,7c77f5,QFA408,YMML,YSSY,1789505559,1789509598,1943,1835,OpenSky
2026-09-17,2026-09-16,YMML,Melbourne,Departure,7c47a4,JST34,YMML,,1789505016,1789506505,1305,,OpenSky
2026-09-17,2026-09-16,YMML,Melbourne,Departure,7c6dde,QFA151,YMML,NZAA,1789504760,1789515975,2045,3258,OpenSky
2026-09-17,2026-09-16,YMML,Melbourne,Departure,7c2bc5,VOZ1291,YMML,,1789504497,1789505930,1996,,OpenSky
2026-09-17,2026-09-16,YMML,Melbourne,Departure,7c6de7,QFA406,YMML,YSSY,1789504431,1789508728,1958,1403,OpenSky
2026-09-17,2026-09-16,YMML,Melbourne,Departure,7c47a9,JST972,YMML,YPPH,1789504343,1789517061,1290,533,OpenSky
2026-09-17,2026-09-16,YMML,Melbourne,Departure,7c56b7,VOZ253,YMML,YSCB,1789504252,1789506952,2006,5301,OpenSky
2026-09-17,2026-09-16,YMML,Melbourne,Departure,7caf15,VOZ203,YMML,YPAD,1789503840,1789507286,1292,667,OpenSky
2026-09-17,2026-09-16,YMML,Melbourne,Departure,7c6d93,QFA671,YMML,YPAD,1789503517,1789507076,1943,1190,OpenSky
2026-09-17,2026-09-16,YMML,Melbourne,Departure,7c29d8,VOZ303,YMML,YBBN,1789503433,1789509994,1844,1707,OpenSky
2026-09-17,2026-09-16,YMML,Melbourne,Departure,7c7ab1,VOZ803,YMML,YSSY,1789503305,1789507273,2040,1455,OpenSky
2026-09-17,2026-09-16,YMML,Melbourne,Departure,7c6d8c,QFA761,YMML,YPPH,1789503247,1789515563,2061,1948,OpenSky
2026-09-17,2026-09-16,YMML,Melbourne,Departure,7c6b3b,JST500,YMML,YSSY,1789503171,1789506983,1604,1471,OpenSky
2026-09-17,2026-09-16,YMML,Melbourne,Departure,7c7884,JST560,YMML,YBBN,1789503098,1789509628,1574,2035,OpenSky
2026-09-17,2026-09-16,YMML,Melbourne,Departure,7c78b6,QLK1514,YMML,YSSY,1789502860,1789506823,1295,1212,OpenSky
2026-09-17,2026-09-16,YMML,Melbourne,Departure,76cd03,SIA248,YMML,WSSS,1789502664,1789529579,1332,2609,OpenSky
2026-09-17,2026-09-16,YMML,Melbourne,Departure,89639d,UAE67M,YMML,OMDB,1789502622,1789548345,1447,4215,OpenSky
2026-09-17,2026-09-16,YMML,Melbourne,Departure,7c6db6,QFA600,YMML,YBBN,1789502552,1789509266,2040,1525,OpenSky
2026-09-17,2026-09-16,YMML,Melbourne,Departure,c82ae2,TFX12,YMML,YPPH,1789495900,1789508281,1787,1465,OpenSky
2026-09-17,2026-09-16,YMML,Melbourne,Departure,7c66e2,QFA7390,YMML,YPPH,1789495200,1789507673,1884,2118,OpenSky
2026-09-17,2026-09-16,YMML,Melbourne,Departure,c82ae4,TFX36,YMML,YPAD,1789494647,1789498100,1323,1530,OpenSky
2026-09-17,2026-09-16,YMML,Melbourne,Departure,7c4899,OMJ,YMML,YSBK,1789492354,1789498884,243,410,OpenSky
2026-09-17,2026-09-16,YMML,Melbourne,Departure,7c4319,JTE7454,YMML,YWLX,1789491751,1789496266,1343,7444,OpenSky
2026-09-17,2026-09-16,YMML,Melbourne,Departure,7c66cf,QFA7356,YMML,YMLT,1789491076,1789493953,1269,3253,OpenSky
2026-09-17,2026-09-16,YMML,Melbourne,Departure,7c432d,JTE7489,YMML,YPAD,1789490575,1789494424,1571,1739,OpenSky
2026-09-17,2026-09-16,YMML,Melbourne,Departure,c828d4,QFA7288,YMML,YPAD,1789490431,1789493996,1269,422,OpenSky
2026-09-17,2026-09-16,YMML,Melbourne,Departure,7c1469,QFA7359,YMML,YPPH,1789489541,1789502070,1279,1154,OpenSky
2026-09-17,2026-09-16,YMML,Melbourne,Departure,7c66e4,QFA7353,YMML,YBBN,1789488804,1789494864,1634,1995,OpenSky
2026-09-17,2026-09-16,YMML,Melbourne,Departure,7c5d71,QFA7228,YMML,YWLX,1789487792,1789491837,1652,5383,OpenSky
2026-09-17,2026-09-16,YMML,Melbourne,Departure,80159f,AIC309,YMML,VIDP,1789487283,1789529999,1380,2945,OpenSky
2026-09-17,2026-09-16,YMML,Melbourne,Departure,c82aff,TFX23,YMML,YBBN,1789485995,1789492196,1290,1109,OpenSky
2026-09-17,2026-09-16,YMML,Melbourne,Departure,7c5b29,QFA7290,YMML,YBBN,1789485824,1789492949,1688,2025,OpenSky
2026-09-17,2026-09-16,YMML,Melbourne,Departure,7c01f6,AN8,YMML,YSBK,1789485332,1789492377,1260,218,OpenSky
2026-09-17,2026-09-16,YMML,Melbourne,Departure,758773,CEB050,YMML,RPLL,1789484859,1789513742,1668,1059,OpenSky
2026-09-17,2026-09-16,YMML,Melbourne,Departure,c82ae2,TFX93,YMML,YMLT,1789484737,1789487620,1296,3282,OpenSky
2026-09-17,2026-09-16,YMML,Melbourne,Departure,750543,XAX213,YMML,WMKK,1789484093,1789511891,1284,17829,OpenSky
2026-09-17,2026-09-16,YMML,Melbourne,Departure,c82337,QFA7383,YMML,YWLX,1789483713,1789487786,530,5493,OpenSky
2026-09-17,2026-09-16,YMML,Melbourne,Departure,888168,HVN778,YMML,VVNB,1789482857,1789525186,1582,3400,OpenSky
